"speechiness","track_name"
"0.0428","'Di Lahat"
"0.0349","'Di Na Babalik"
"0.0517","'Di Na Muli"
"0.0393","'Tis the Season"
"0.117","#BrooklynBloodPop!"
"0.04","#Sweetladychallenge"
"0.439","#Twerkit"
"0.404","#WIPEITDOWN"
"0.0417","(Dying Inside) To Hold You - Heartbreak Radio Edit"
"0.324","(i hope you) miss me"
"0.0408","...And To Those I Love, Thanks For Sticking Around"
"0.087","...Baby One More Time"
"0.0307","...Baby One More Time"
"0.284","1 Thot 2 Thot Red Thot Blue Thot"
"0.31","10 Freaky Girls (with 21 Savage)"
"0.0259","10,000 Hours (with Justin Bieber)"
"0.137","100 Racks (Offset feat. Playboi Carti)"
"0.0556","120 Bpm - Toma"
"0.0735","16 Shots"
"0.066","19 11 17"
"0.217","2 Cases"
"0.107","2 On (feat. ScHoolboy Q)"
"0.616","2 Phones (Screwed & Chopped)"
"0.0566","2 Phút Hơn - KAIZ Remix"
"0.0674","2 Times"
"0.224","2/Catorce"
"0.117","20 Min"
"0.136","20 Min - Chopped and Screwed"
"0.119","2002 - Remix"
"0.0342","21st Century Vampire"
"0.333","223's (feat. 9lokknine)"
"0.227","223s"
"0.0736","24 (feat. Lil Baby)"
"0.0587","24 Hours - Jeaux Remix"
"0.0847","3 Musketeers"
"0.291","3 Times In A Row"
"0.248","3 Vets"
"0.094","34+35"
"0.0794","3G (feat. Jon Z, Don Chezina, Chencho Corleone & Myke Towers) - Remix"
"0.0605","4ever"
"0.144","4K"
"0.417","5 On It - 71 Digits Remix"
"0.465","7 rings (feat. 2 Chainz) - Remix"
"0.224","80's"
"0.0394","80 Juta"
"0.0851","9 Lives (Certified West Coast Killer) (feat. Too $hort & Ty$)"
"0.0516","A Little Bit of Faith"
"0.0413","A Little Bit of Faith - le Shuuk Remix"
"0.0485","A Neverending Dream - Radio Version"
"0.208","A Pimp Named Slickback"
"0.0974","A Pimp Named Slickback Slowed - Remix"
"0.0293","A Sunday Kind Of Love"
"0.0379","A Thousand Miles"
"0.0434","A Window to the Past"
"0.0851","A.M."
"0.183","ABC (feat. DJ Chose & LightSkinKeisha)"
"0.365","Absolutely Anything"
"0.0958","Acompanha o Grave"
"0.188","Act Up"
"0.189","Act Up"
"0.292","ACTUP (with JAHMED)"
"0.398","Adderall (Corvette Corvette)"
"0.368","Adderall (Corvette Corvette)"
"0.299","Adderall (Corvette Corvette) - Remix"
"0.161","Adderall Slowed - Remix"
"0.129","Addison Rae"
"0.268","Address It"
"0.225","Address It"
"0.0451","Adek Jilbab Ungu - DJ Opus Remix"
"0.0483","Adore You"
"0.35","AERO (Blow The Whistle)"
"0.43","Aesthetic"
"0.253","Afraid"
"0.0474","Afraid of You"
"0.0525","After Party"
"0.0376","After Party"
"0.0675","After Party - CHOPNOTSLOP REMIX"
"0.0894","After the Afterparty (feat. Lil Yachty)"
"0.227","After the Cash"
"0.0262","Afterglow"
"0.0369","Afterlife"
"0.043","Against the Rest"
"0.266","Agua (with J Balvin)"
"0.07","Ahí - Ahí Challenge"
"0.0699","Ain't No Fun (If the Homies Cant Have None) (feat. Nate Dogg, Warren G & Kurupt)"
"0.142","Ain't No Sunshine"
"0.445","Ajena (with Myke Towers, Dylan Fuentes)"
"0.378","AK47 É o Porte do Homem"
"0.0635","Akala"
"0.0523","Akala Ko Nung Una (feat. Future Thug)"
"0.0719","Aki Tiban - Live"
"0.0412","Akimilaku Bermain Dubstep - Remix"
"0.0275","Akin Ka Na Lang - Himig Handog Pop Lovesongs 2014 Version"
"0.0272","Aking Prinsesa"
"0.0648","Ako'y Tinamaan"
"0.0311","Ako Muna"
"0.0394","Ako Na Lang Sana"
"0.0483","Aku Lagi Bete"
"0.105","Aku Suka Body Bapak Yanto"
"0.0472","Aku Suka Body Mama Muda"
"0.0758","Alabang Girls"
"0.0567","alien jewelry"
"0.544","All About Cake"
"0.033","All Around The World (La La La)"
"0.0882","All Comes Back To You"
"0.311","All Dat"
"0.27","All Dat (with Megan Thee Stallion)"
"0.0554","All For You"
"0.0304","All I Ever Need"
"0.172","All I Need"
"0.0382","All I Want"
"0.0328","All I Want"
"0.0328","All I Want - From High School Musical: The Musical: The Series"
"0.0384","All I Want for Christmas Is You"
"0.407","ALL IN"
"0.141","All My Friends (feat. Tinashe & Chance the Rapper)"
"0.0308","All My Heroes - Radio Edit"
"0.036","All Night"
"0.0549","All Night"
"0.0357","All Night"
"0.214","All Night Long"
"0.0363","All on Me"
"0.0364","All or Nothing"
"0.0556","All Right"
"0.0424","All That Matters"
"0.0963","all the kids are depressed"
"0.0417","All The Things She Said"
"0.349","All The Time"
"0.348","All The Way Up"
"0.182","All Time Low"
"0.0343","All We Got (feat. KIDDO) - Ofenbach Remix"
"0.0337","All You Had To Do Was Stay"
"0.0823","Alo Michael - rico rico rico rico"
"0.745","Aloha"
"0.0506","Alone"
"0.0419","Alone"
"0.0485","Always Forever"
"0.333","Am"
"0.062","Aman Aman"
"0.301","Amarillo"
"0.326","American Boy"
"0.179","Anaconda"
"0.0428","Andaikan Waktu Bisa Kuputar Kembali"
"0.0266","Anestisya"
"0.178","Angel"
"0.0381","Angelina"
"0.0395","ANGELS & DEMONS"
"0.0292","Ani Kuni"
"0.0898","Animals"
"0.476","Anime Thighs"
"0.135","Anime World"
"0.0999","Anoche Comi Pescao"
"0.04","Another Love"
"0.122","Another One Bites The Dust"
"0.162","Another One Bites The Dust - Remastered 2011"
"0.0623","Answer Me"
"0.0487","Answer The Phone"
"0.0607","ANXIOUS"
"0.0376","Anyone - Female Version"
"0.0573","Anything You Want"
"0.293","Anytime"
"0.224","Ao Som do Drake"
"0.0274","Apocalypse"
"0.376","Apollo!"
"0.053","Applause"
"0.217","Arabe (feat. Many Malon & Jose Victoria)"
"0.0581","Arabian Nights"
"0.0744","Araw-Araw Love"
"0.305","Araw Araw Love Flow G"
"0.0425","Arcade"
"0.0441","Arcade"
"0.0523","Arcade - Slowed"
"0.0287","Are You Bored Yet? (feat. Clairo)"
"0.0647","Are You With Me"
"0.0455","Armageddon"
"0.0881","Arms Around Me - Jerome Remix"
"0.15","Around the World"
"0.113","Art To Love Me"
"0.0405","As My Own"
"0.0546","Ashes"
"0.336","Ashina"
"0.0702","Asmara Setia - Instrumental"
"0.194","Ass Like That"
"0.0335","Asteroids"
"0.0913","Astronaut In the Ocean"
"0.0913","Astronaut In The Ocean"
"0.173","Astronaut In The Ocean"
"0.092","Astronaut In The Ocean"
"0.199","Astronaut in the Ocean - Female Version"
"0.121","Astronaut in the Ocean (Female Dance Remix)"
"0.096","Astronomia"
"0.0669","Astronomia - Never Go Home"
"0.0349","At My Worst"
"0.0466","Atas Bawah - Remix"
"0.071","ATENÇÃO"
"0.131","Attention"
"0.0838","Attitude"
"0.28","Automotivo de Paraisopolis"
"0.0381","Awaken"
"0.042","Awas Ada Petasan"
"0.0358","Away"
"0.0466","Awitin Mo, Isasayaw Ko"
"0.0412","Axel F - Radio Edit"
"0.0732","Ay Mi Pendejo"
"0.15","Ay Rico Rico Rico - Tik Tok Mix"
"0.11","Ay Rico Rico Vs Culo"
"0.174","Ay, DiOs Mío!"
"0.0508","Aya"
"0.0974","Ayegirl"
"0.129","Ayo Technology - Dimitri Vegas Edit"
"0.226","Ayy Macarena"
"0.0695","Azul"
"0.699","B*tch From Da Souf"
"0.106","B.S."
"0.137","Baby"
"0.315","Baby Birkin"
"0.189","Baby Come Give Me Something New"
"0.0307","Baby Don't Cut Your Hair For Anyone"
"0.0668","Baby I'm Yours"
"0.118","Baby It's You - 2018"
"0.0535","Baby Ko Si Kulot"
"0.265","BabyWipe"
"0.0458","Back Around"
"0.112","Back End"
"0.384","Back In Blood (feat. Lil Durk)"
"0.142","Back It Up"
"0.0908","Back to the Beat"
"0.0507","Back to You"
"0.142","Back to You (feat. Bebe Rexha & Digital Farm Animals)"
"0.338","Back Up (feat. Big Sean)"
"0.189","Backyard Boy"
"0.162","Backyard Boy"
"0.0732","Bad"
"0.0388","Bad boy"
"0.0728","Bad Boy"
"0.123","Bad Boy (with Wiz Khalifa, bbno$, MAX)"
"0.0533","Bad Boy (with Young Thug)"
"0.0314","Bad Day"
"0.375","bad guy"
"0.24","Bad Habits"
"0.123","Bad Habits (Slowed + Reverb)"
"0.0531","Bad Karma"
"0.0434","Bad Liar"
"0.0285","Bad Liar"
"0.0583","Bad Plan"
"0.0602","Bad to You"
"0.273","Bag Boy - Lo-Fi Remix"
"0.546","Bag Up"
"0.0401","Bagaikan Langit - Remix Version"
"0.115","Bagaikan Langit Di Sore Hari"
"0.0517","Bagaikan Langit Di Sore hari - Remix"
"0.163","Bagay Tayo"
"0.114","Baila"
"0.123","Baila Baila Baila - Remix"
"0.113","Baila Conmigo"
"0.0662","Baka Di Tayo"
"0.0676","Bakery"
"0.0284","Bakit Ba Ikaw"
"0.178","Bakugo!"
"0.0345","Balang Araw"
"0.0454","Baliw Sayo (feat. Bosx1ne)"
"0.0735","Ballin' (with Roddy Ricch)"
"0.0374","Ballooning"
"0.18","Bam Bam Bam"
"0.227","Bambambam"
"0.213","BamBamBam"
"0.245","Banana (feat. Shaggy)"
"0.177","Banana (feat. Shaggy) - DJ FLe - Minisiren Remix"
"0.0887","Bandido"
"0.0847","Bandido - Female Version"
"0.0534","BANG BANG BANG"
"0.0304","Bang Bang Bang Bang"
"0.0506","Bang!"
"0.0507","Bang!"
"0.0974","Banho de Leite - Remix"
"0.0578","Bank Account Slowed - Remix"
"0.264","Bark"
"0.312","Barking"
"0.0628","Bartender (feat. Akon)"
"0.181","Bartier Cardi (feat. 21 Savage)"
"0.0288","Basang-Basa Sa Ulan"
"0.105","Bassdrum"
"0.271","Bassthoven"
"0.0985","Bat Ngayon?, Pt.1"
"0.268","Batman"
"0.0804","Bawal Lumabas - The Classroom Song"
"0.219","Bazooka"
"0.0362","Be Alright"
"0.0621","Be Around Me"
"0.12","Be Gone Thot!"
"0.12","Be Happy"
"0.119","Be Happy"
"0.0302","Be Kind"
"0.0457","Be Kind (with Halsey)"
"0.0726","Be Like That - feat. Swae Lee & Khalid"
"0.458","Be Like That - Female Version"
"0.35","Beat Box"
"0.394","Beat Box (feat. Young M.A) - Freestyle"
"0.245","Beat Box 2"
"0.374","Beat Box 3 (feat. DaBaby)"
"0.0658","BEAT DO AKON (Funk Remix)"
"0.299","Beat It"
"0.109","Beat It (feat. Chris Brown & Wiz Khalifa)"
"0.0291","Beat Up Guitar"
"0.0337","Beautiful (feat. Camila Cabello)"
"0.0403","Beautiful Boy (Darling Boy) - Remastered 2010"
"0.0453","Beautiful Girls"
"0.0687","Beautiful Girls"
"0.221","Beautiful Girls - A Cappella"
"0.0823","Beautiful Girls - Tik Tok Remix"
"0.642","Beautiful Pain (Losin My Mind)"
"0.0597","Beautiful Scars"
"0.0621","Beautiful Scars"
"0.0383","Bebe - Female Version"
"0.0356","Because Of You"
"0.035","Because the Night"
"0.0341","BED"
"0.221","Beef FloMix"
"0.218","Beez In The Trap"
"0.0573","Before You Go"
"0.0672","Beggin'"
"0.057","Beggin (original version)"
"0.145","beibs in the trap"
"0.108","Believer"
"0.0783","Bella Poarch's Chicken Wings"
"0.0523","beside you"
"0.0346","Best Day Of My Life"
"0.19","Best Ever (feat. Ayo & Teo)"
"0.136","Best Friend (feat. Doja Cat)"
"0.337","Best I Ever Had"
"0.375","Best I Ever Had"
"0.0963","Best I Ever Had. - Slowed"
"0.078","BEST ON EARTH (feat. BIA) - Bonus"
"0.297","BET"
"0.133","Better Days"
"0.0562","Better For"
"0.0427","Better Off Alone"
"0.0754","Better People"
"0.0324","Better When I'm Dancin'"
"0.187","Beware"
"0.0329","Biarlah Semua Berlalu Remix"
"0.152","BICHOTA"
"0.259","Bichota (Dance Remix)"
"0.389","BIG BANK"
"0.331","BIG BANK (feat. 2 Chainz, Big Sean, Nicki Minaj)"
"0.232","Big Fun"
"0.391","Big Gangsta"
"0.0318","Big Jet Plane"
"0.378","BIG PURR (Prrdd) (feat. Pooh Shiesty)"
"0.0418","Biglang Liko"
"0.0401","Billie Jean"
"0.257","Billie Jean X Boo X F It Up - Remix"
"0.0581","Bim Bam toi"
"0.0337","Binalewala - Original Version"
"0.032","Binibini"
"0.0749","Binibini"
"0.0667","Binibining Dalaga"
"0.0877","Bipolar"
"0.381","Bird Huntin"
"0.688","BIRDBOY"
"0.0681","Birthday"
"0.257","Birthday"
"0.0427","Birthday Sex"
"0.0439","Birthday Sex"
"0.231","Birthday Suit"
"0.22","Birthday Suit"
"0.0371","Bisane Mung Nyawan - Nofin Asia Music Cover"
"0.0415","Bisaya"
"0.029","Bitaw Na"
"0.242","Bitch From Da Souf"
"0.435","Bitch I Am Up"
"0.102","Bitter"
"0.0735","Bitter (feat. Trevor Daniel)"
"0.036","Black Corridor"
"0.0302","Blackout"
"0.695","BLACKOUT"
"0.187","Blanco"
"0.0927","Blastoff (feat. Juice Wrld & Trippie Redd)"
"0.0446","Bleeding Love"
"0.0469","Blessings / Celebration"
"0.0405","Blinding Lights"
"0.0598","Blinding Lights"
"0.0629","Blinding Lights"
"0.0965","Blinding Lights"
"0.0797","Blinding Lights"
"0.0571","Blinding Lights (Female)"
"0.242","Blinding Lights. - Slowed"
"0.159","Bloodstream"
"0.0793","Bloqueia Eu - Remix"
"0.0439","Blow Me (One Last Kiss)"
"0.125","Blow The Speakers Up"
"0.122","Blow Your Mind (Mwah)"
"0.0655","Blueberry Faygo"
"0.0383","Blueberry Faygo"
"0.137","Blueberry Faygo"
"0.242","Blueberry Faygo (Female)"
"0.0483","blueberry faygo (special)"
"0.411","Bluegrass"
"0.241","Body"
"0.357","Body (Remix) [feat. ArrDee, E1 (3x3), ZT (3x3), Bugzy Malone, Buni, Fivio Foreign & Darkoo]"
"0.0519","Body Babadontot"
"0.0484","Body On My Body"
"0.184","Bongga Ka Day"
"0.0442","Bonggahan"
"0.116","Bongo Cha Cha Cha"
"0.0473","Bongo Cha Cha Cha"
"0.106","Bongo Cha Cha Cha (Summer Beat)"
"0.375","BOO!"
"0.0502","BOOM"
"0.109","Boom Diggy (Black Girl Magic)"
"0.0407","Boom, Boom, Boom, Boom!!"
"0.361","Boombastic"
"0.166","Boomin' Like Metro"
"0.098","Booty"
"0.315","Booty Wurk (One Cheek At a Time) (feat. Joey Galaxy)"
"0.324","Booty Wurk (One Cheek At a Time) (feat. Joey Galaxy)"
"0.367","BOP"
"0.11","Bop It"
"0.0506","Borderline"
"0.0478","Bored"
"0.321","Bored In The House"
"0.222","Boss Bitch"
"0.0437","Botella Tras Botella"
"0.0465","Bound 2"
"0.0412","Bounty"
"0.227","Bout Mine"
"0.069","Bow - Slowed"
"0.0389","boy u look so pretty"
"0.0965","Boy With Luv (feat. Halsey)"
"0.128","Boyfriend"
"0.0394","Boyfriend"
"0.0543","Boyfriend"
"0.461","boyfriend (with Social House)"
"0.208","Boyfriend, Girlfriend"
"0.137","Boys Ain't Shit"
"0.0804","Brag"
"0.0378","Bras and Jeans"
"0.0287","Brazil"
"0.0681","BRB"
"0.0883","Break My Heart"
"0.0607","Break My Stride"
"0.36","Break Ya Back"
"0.0242","Breakeven"
"0.218","Breaking Me"
"0.0762","Breaking Me - Female Version"
"0.0448","Breaking with You"
"0.0497","Breakup"
"0.0344","Breathe"
"0.0344","Breezeblocks"
"0.0738","Bright Man Unta Ka"
"0.0851","Bring It Back"
"0.283","Broadway"
"0.221","Broccoli - Chopped and Screwed"
"0.0412","Broken"
"0.128","Broken Hearts"
"0.0407","Brooklyn Baby"
"0.19","Brother Louie"
"0.0677","Bruises"
"0.242","Bubble Gum (with Yandel)"
"0.262","Bubble Pop Electric"
"0.0311","Bubblegum Bitch"
"0.137","Buck the Jack"
"0.0428","Budots Dance"
"0.04","Budots Mix No. 1"
"0.0571","Buff Baby"
"0.0367","Build a Bitch"
"0.0902","Build Me Up Buttercup"
"0.0444","Bukan Cinta Biasa"
"0.0408","Bukan PHO - Rawi Beat Remix"
"0.0431","Bukan Pho Yang Gatal Gatal"
"0.0556","Bukan untukku"
"0.0477","Bulletproof"
"0.0311","Bulletproof"
"0.405","Bullshit"
"0.0313","Bulong"
"0.04","Bumalik Ka Na Sa'kin"
"0.113","Bumpin'"
"0.038","Bumpy Ride"
"0.306","Bundles (feat. Taylor Girlz)"
"0.238","Bunny Girl"
"0.296","Bunx Up"
"0.0479","Burnin' It Down"
"0.0383","Burning Pile"
"0.332","bury a friend"
"0.0909","BUSS HER UP"
"0.213","Buss It"
"0.173","Buss It"
"0.208","Bussin"
"0.111","Bust It Open"
"0.122","Bust Your Windows"
"0.0948","Butter"
"0.0384","Buttercup"
"0.0706","Buttercup"
"0.0704","butterfly"
"0.165","Butterfly Effect"
"0.0657","Butterfly Effect (Chopped and Screwed)"
"0.27","Buttons"
"0.04","Buwan"
"0.0327","Buwan - Kundiman"
"0.09","By The Pound"
"0.053","Byahe"
"0.0309","C'est La Vie"
"0.0625","C.B.W."
"0.17","Cabelinho na Regua"
"0.221","Cai de vagarinho até embaixo"
"0.188","Cake"
"0.0624","Calabria"
"0.102","Call Me Again"
"0.0569","Call Me Back 80 Times"
"0.0408","Call Me Maybe"
"0.0354","Call out My Name (Slowed + Reverb)"
"0.082","Call You Mine (feat. Nina Chuba)"
"0.0539","Calling My Phone"
"0.15","Calling My Phone"
"0.255","Calling My Phone - Female Version"
"0.699","Camisa do Flamengo"
"0.0659","Campus"
"0.173","Can't Hold Back"
"0.0786","Can't Hold Us - feat. Ray Dalton"
"0.0661","Can't Remember to Forget You (feat. Rihanna)"
"0.0547","CAN'T SAY"
"0.0264","Can't Stop (Oh No)"
"0.161","Can't Trust A Soul"
"0.0357","Can We Kiss Forever?"
"0.0369","Can We Kiss Forever?"
"0.0595","Can You Feel My Heart"
"0.0561","Can You Feel My Heart"
"0.0451","Canary Wharf"
"0.389","Canceled"
"0.101","Candela"
"0.08","Candlelight"
"0.0395","Candy"
"0.0374","Candy"
"0.0414","Candy"
"0.0444","Candy"
"0.466","Candy Shop"
"0.106","Cannibal"
"0.0658","Cannibal"
"0.373","CAP"
"0.287","Captain Hook"
"0.288","Captain Hook"
"0.0363","Careless Whisper"
"0.0759","Carol Of The Bells"
"0.505","Caroline"
"0.0729","Carry On"
"0.203","Cars That Go Boom"
"0.132","Cars with the Boom"
"0.0763","CARTIER"
"0.409","Castaways"
"0.38","Catch Me"
"0.107","Catching Feelings"
"0.0545","Catriona"
"0.539","Caution"
"0.0619","Caution Sign"
"0.0551","Cavalo de Tróia"
"0.172","Cha Cha"
"0.147","Cha Cha Slide"
"0.0962","ChaCha 2 Step"
"0.0373","Chain Hang Low (Trap Remix) [TikTok Dance]"
"0.05","Chamber of Reflection - Chopped Not Slopped Remix"
"0.237","Chanel"
"0.172","Chanel - Slowed"
"0.144","Chanel (Go Get It) [feat. Gunna & Lil Baby]"
"0.0776","Chanel Bag"
"0.0369","Change Ya Life"
"0.029","changes"
"0.0445","Changes"
"0.0253","Chasing Pavements"
"0.215","Cheap Thrills (feat. Sean Paul)"
"0.0549","Cheating is a crime"
"0.0793","CHECKMATE"
"0.116","Chica Ideal - Female Version"
"0.419","Chicken N Grits"
"0.407","Chicken N Grits (feat. Trey Songz) - Remix"
"0.0433","Chicken Wing"
"0.335","Chika Dance"
"0.253","Chinese New Year"
"0.0638","Chinita"
"0.213","Chinita Girl"
"0.0491","Chit Chat"
"0.0663","Chito"
"0.0705","Chivalry Is Dead"
"0.25","Chivirika"
"0.338","Choices (Yup)"
"0.287","Chosen (feat. Ty Dolla $ign)"
"0.0651","Chun Swae (feat. Swae Lee)"
"0.0263","Cigarette Daydreams"
"0.0412","Cinta Luar Biasa - Remix"
"0.0965","Circus"
"0.0493","CITY OF ANGELS"
"0.571","CITY OF ANGELS - LLusion Funk Remix"
"0.0564","Clandestina"
"0.416","CLAP"
"0.322","Clap For 'Em (feat. Flo Milli & Sada Baby)"
"0.04","Clause the Mouse"
"0.0571","Clear - Shawn Wasabi Remix"
"0.0348","Clementine"
"0.0519","Close to Me"
"0.108","Close to Me"
"0.0319","Close To You"
"0.0322","Close to You - Down Town Remix"
"0.318","Close up"
"0.0491","Cloud 9"
"0.0495","Cloud 9"
"0.035","Cocaine"
"0.271","Coffin"
"0.168","Coke & Mentos"
"0.0633","Collard Greens"
"0.889","Colors"
"0.0354","Come & Go"
"0.0473","Come and Get Your Love - Single Version"
"0.0352","Come and Go (Female)"
"0.0378","Come Around Me"
"0.0411","Come Closer I'll Give You All My Love"
"0.0472","Come On Eileen"
"0.363","Come with Me (feat. Bosx1ne, Flow-G, King Badger & Jroa)"
"0.129","Comerte Toda"
"0.034","comethru"
"0.0574","comethru"
"0.0322","Coming of Age"
"0.316","COMMANDO"
"0.302","Como a Rata (feat. El Chusco)"
"0.0699","Complicated"
"0.0517","Complicated (feat. Ryan Caraveo)"
"0.11","Confident"
"0.0817","Confident Slowed - Remix"
"0.059","Conflicted"
"0.0451","Conga"
"0.253","Coño"
"0.181","Coño"
"0.198","Coño (feat. Jhorrmountain x Adje)"
"0.14","Control (feat. FUTURISTIC)"
"0.348","Coochie"
"0.0451","Cookie Crumbles"
"0.449","Cookie Shop"
"0.446","Cookie Shop"
"0.0511","Cool Kids"
"0.14","Coolant"
"0.0474","Cooler Than Me - Single Mix"
"0.0793","Cooler Than Me (feat. Big Sean)"
"0.0855","Copines"
"0.137","Copines (Slowed + Reverb)"
"0.146","Copines Slowed - Remix"
"0.372","Corona Virus"
"0.209","Could Have Said"
"0.0725","Count 1, 2"
"0.151","Countdown"
"0.0771","Cowboy Bebop Rap"
"0.478","CRACKHEAD"
"0.369","Cradles"
"0.325","Cradles"
"0.435","Crash Flow (Aint Trippin)"
"0.0592","Cream n' Frosting"
"0.0589","Cream n' Frosting"
"0.238","Crew Love"
"0.138","Crew REMIX (feat. Gucci Mane, Brent Faiyaz & Shy Glizzy)"
"0.344","Crisis"
"0.268","crossing field"
"0.297","Crunchyroll"
"0.0871","Cry About It Later"
"0.38","Cry Baby (feat. DaBaby)"
"0.359","Cry Baby (feat. DaBaby)"
"0.0739","Cry for You"
"0.161","Cry for You"
"0.0667","Cry Over Boys"
"0.125","Crystal Dolphin"
"0.358","Culo"
"0.278","Culo"
"0.0672","Cumbia"
"0.12","Cupid's Chokehold / Breakfast in America"
"0.114","Cupid's Chokehold / Breakfast In America"
"0.101","Cut Me Out"
"0.0652","Cutie Uyyy"
"0.0921","Cyber Sex"
"0.0419","D a d d y I s s u e s"
"0.0363","D o n ' t L e t M e D o w n (slowed reverb)"
"0.0374","D u s k T i l l D a w n (slowed reverb)"
"0.257","Daddy (feat. Rich The Kid)"
"0.0329","Daddy Issues"
"0.0327","Dahil Sa'Yo"
"0.0301","Dahil Sayo"
"0.039","Dai Dai"
"0.0407","Daisies"
"0.133","Daisy"
"0.153","Daisy"
"0.0544","DÁKITI"
"0.101","DÁKITI"
"0.0908","Dakiti - Female Version"
"0.0618","Dalaga"
"0.0825","Dalaga"
"0.0767","Dalaga"
"0.115","Dalaga - Stripped"
"0.309","Damn Boi He Thicc"
"0.0465","Damn Good Weekend"
"0.0341","Dan - DJ Opus Remix"
"0.0781","Dance Dance"
"0.438","Dance Dance Dance"
"0.0507","Dance Like Rihanna"
"0.0924","Dance Monkey"
"0.0988","Dance Monkey"
"0.0833","Dance With You"
"0.379","Dancia"
"0.152","Dancin' in mandela"
"0.0304","Dancin - Krono Remix"
"0.0287","Dancin (feat. Luvli) - Krono Remix"
"0.0725","Dancin Alone"
"0.101","Dancing in My Room"
"0.112","Dancing in My Room"
"0.0607","Dancing in My Room (Dance Remix)"
"0.0494","Dancing in the Moonlight"
"0.0649","Dancing in the Moonlight (feat. NEIMY)"
"0.0259","Dandelions"
"0.0756","Dangerous"
"0.135","Dangerously in Love (TikTok Remix)"
"0.0367","Dark"
"0.0512","Dark Horse"
"0.0513","Dark Horse"
"0.062","Dark Red"
"0.0698","Dasar Lo Anjay - BassBeat Remix"
"0.0683","Date Ur Fada"
"0.0557","Dati"
"0.114","Dati"
"0.0347","Dati (feat. Skusta Clee)"
"0.0761","Day 'N' Nite (nightmare)"
"0.0653","Day 'N' Nite (Nightmare)"
"0.0563","Day and Night (Screwed and Chopped)"
"0.0315","Daydream"
"0.129","De Mochila e de Rádio (feat. Mc Morena) - Brega Funk"
"0.0533","De Yang Gatal Gatal Sa - DJ DESA Remix"
"0.0731","Dead 2 Me"
"0.0357","Dead Inside"
"0.05","Dead Man Walking"
"0.121","Dead Or Alive"
"0.158","Deal with the devil"
"0.0446","Dear Anna"
"0.0805","Dear Maria, Count Me In"
"0.326","Death Bed"
"0.135","death bed (coffee for your head)"
"0.041","Death Pact"
"0.0396","December Ape"
"0.0668","Deceptacon"
"0.0519","Deep"
"0.0354","Deep End"
"0.23","Deep End"
"0.44","Deep End Freestyle"
"0.0687","deeper me"
"0.0469","Deixa de Onda (Porra Nenhuma)"
"0.112","deja vu"
"0.116","deja vu"
"0.0417","Deja Vu - No No Never"
"0.0369","Del Mar"
"0.217","Demons"
"0.328","Demons"
"0.241","DEPARTURE"
"0.0515","Departure!"
"0.158","Desce Pro Play (PA PA PA)"
"0.0614","Despeinada"
"0.0439","Desperado"
"0.0397","Dessert"
"0.112","DESSERT"
"0.11","Deuces (feat. Tyga & Kevin McCall)"
"0.189","Devil Eyes"
"0.0431","Di Ako Fuckboy (feat. Agsunta)"
"0.21","Di Maalala (Anong Ginagawa Mo Sakin)"
"0.19","Diamonds"
"0.0854","Diamonds"
"0.031","Diamonds - Female Version"
"0.42","Dick (feat. Doja Cat)"
"0.349","Did It On’em"
"0.526","Did You Know?"
"0.265","Die Lit"
"0.0404","Die on the Dancefloor"
"0.353","Diferenciada"
"0.459","Different Varieties"
"0.0877","Dilemma"
"0.429","Dilemma (Remake)"
"0.149","Dior"
"0.0903","Dios Mio - Remix"
"0.063","Diosa"
"0.0345","dirty laundry"
"0.0413","dirty laundry (slowed)"
"0.0456","Disaat Aku Tersakiti - Nofin Asia Music Cover"
"0.0641","Disana Menanti - Nofin Asia Music Cover"
"0.363","Disco Arranhado - Funk Remix"
"0.231","Disco Inferno"
"0.202","discord shawty"
"0.401","Disrespectful"
"0.0542","Dissolve"
"0.151","Distant Memory (with Timmy Trumpet x W&W)"
"0.053","Distribuidora"
"0.0526","Dito Ka Lang"
"0.0409","DJ De Yang Gatal Gatal Sa - Odading Remix Anjing Banget"
"0.0586","DJ Hareudang Hareudang"
"0.0879","DJ No Pare (feat. Zion, Dalex, Lenny Tavárez) - Remix"
"0.0409","DJ Terdiam Sepi"
"0.214","DO A BITCH"
"0.0751","Do Dat (Tik Tok Resume)"
"0.0323","Do I Wanna Know?"
"0.0343","Do I Wanna Know?"
"0.0516","Do It"
"0.047","Do It Again"
"0.16","Do It For You"
"0.299","Do It On The Tip (feat. City Girls & Hot Girl Meg)"
"0.188","Do Me Right"
"0.107","Do or Die (feat. Liana Banks)"
"0.0566","Do Ya Like!"
"0.0389","Do You"
"0.0467","Do You Love Me"
"0.0644","Do You Remember"
"0.0454","do you wonder where my smile went?"
"0.0445","Doing It Wrong"
"0.438","Doja x Calabria - TikTok Mashup"
"0.0577","DOLLAZ ON MY HEAD (feat. Young Thug)"
"0.034","Domino"
"0.363","Don't (Screwed and Chopped)"
"0.343","Don't Be Suspicious"
"0.079","Don't Cha"
"0.0897","Don't Feel Like Dancing (feat. Cally Rhodes)"
"0.455","Don't Go"
"0.143","Don't Leave Me (Think About It Challenge)"
"0.189","Don't Leave Me Here"
"0.0751","Don't Look Down"
"0.0403","Don't Matter"
"0.0917","Don't Rush - Remix"
"0.257","Don't Rush (feat. DaBaby)"
"0.27","Don't Rush (feat. Headie One)"
"0.0694","Don't Slip"
"0.046","Don't Speak"
"0.0842","Don't Start Now"
"0.083","Don't Start Now"
"0.294","Don't Stay Awake for Too Long (TikTok Dance)"
"0.0997","Don't Tell 'Em"
"0.0491","Don't Touch My Truck"
"0.277","Don't Wanna Fall In Love"
"0.0367","Don't Worry (feat. Aloe Blacc)"
"0.33","Don't Worry About It Sweetheart (What You Got On)"
"0.0829","Don Dada"
"0.117","Don’t Stop (feat. Young Thug)"
"0.355","Donk"
"0.269","Donk"
"0.0735","Door Dash"
"0.145","Dork"
"0.351","Doves In The Wind (feat. Kendrick Lamar)"
"0.0495","Down"
"0.0321","Down"
"0.0364","Down That Road"
"0.0654","Down To Miami (feat. Becky G)"
"0.193","Dracukeo"
"0.117","Dream Girl"
"0.101","Dream Girl - Remix"
"0.035","Dream Girl - Slowed + Reverb"
"0.171","Dream Killer"
"0.419","Dream lantern"
"0.139","Dreamin'"
"0.0413","Dreams"
"0.0276","Dreams - 2004 Remaster"
"0.0832","Drenas"
"0.111","Drilla"
"0.231","Drip Like ME"
"0.214","Drip Like ME"
"0.361","Drip or Drown"
"0.368","Drip Sauce Swag"
"0.0895","Drippin'"
"0.0601","drivers license"
"0.0456","Drivers License (Dance Remix)"
"0.0491","drivers license slowed - Remastered"
"0.0596","Drug Addict For Love"
"0.174","Drugs"
"0.0694","DRUGS"
"0.033","Drunken Sailor (Sea Shanty)"
"0.0731","Dulo"
"0.0375","Dumb (Feat. Charlott Boss)"
"0.051","Dura"
"0.039","Dusk Till Dawn - Radio Edit"
"0.032","Dying Inside to Hold You"
"0.0993","Dynamite"
"0.202","Dynamite"
"0.212","Dynamite - Female Version"
"0.215","Dyosa"
"0.0307","Dyosa"
"0.0856","DYWB (Drink Your Water Bitch)"
"0.115","E-GIRLS ARE RUINING MY LIFE!"
"0.128","eager"
"0.0685","EARFQUAKE"
"0.0348","Earned It (Fifty Shades Of Grey)"
"0.291","Earth"
"0.086","Ease Off - Slowed & Reverbed"
"0.0487","Easy"
"0.119","Easy Love"
"0.09","Echo"
"0.103","edibles - slowed + reverb"
"0.0322","Eenie Meenie"
"0.117","Ego"
"0.0382","Ehu Girl"
"0.0344","Ei Tudo Bem"
"0.224","El Aguacate Es Potasio (La Sicopata)"
"0.278","EL Diablo"
"0.0694","El Efecto - Remix"
"0.125","EL MAKINON"
"0.397","El Moñoñon"
"0.284","El Peludo"
"0.046","El Pepe"
"0.192","El Taxi"
"0.0892","Ela é Espetacular (Mulher Kama Sutra 2)"
"0.153","Ela Já Fez a Pose Vs Cupix"
"0.0674","Elastic"
"0.0325","Electric (feat. Khalid)"
"0.0533","Electric Love"
"0.0809","Elegí (feat. Dímelo Flow)"
"0.0475","Elise - Bodybangers Mix"
"0.288","Ella No Es Tuya - Remix"
"0.0364","Ella Quiere Hmm... Haa... Hmm - Tik Tok Remix"
"0.392","Empire State Of Mind"
"0.0385","Enak Susunya"
"0.291","End of the World"
"0.0399","End of Time"
"0.0347","ENERGY WAVES"
"0.295","Enjoy the Silence"
"0.0898","enough for you"
"0.0443","Entah Apa Yang Merasukimu"
"0.0617","Entre Tú y Yo"
"0.313","Envy Me"
"0.369","Envy Me"
"0.132","Espirra o Lança"
"0.0378","Etham Funky Night"
"0.0526","Ett steg fram"
"0.209","Eu Caçava as Puta, Agora as Puta Que Me Caça (feat. Mc Topre)"
"0.244","Eu Catuquei Vs Magrão (feat. DJ GBS)"
"0.364","Eu Sou O Mestre Dos Magos"
"0.193","Even If"
"0.0427","Ever After"
"0.0314","Ever After"
"0.0434","Ever After - EK Beach Mix"
"0.0494","Everybody"
"0.313","Everybody Loves You"
"0.0694","Everyday"
"0.609","Everyday"
"0.375","Everything's Chrome"
"0.0994","everything i wanted"
"0.0584","Everything I Wanted"
"0.0919","Everything Is Not As It Seems - Series Theme Song"
"0.145","Everytime Tha Beat Drop - R&B Edit with No Rap"
"0.223","Everytime Tha Beat Drop (feat. Dem Franchize Boyz)"
"0.215","Everytime Tha Beat Drop (feat. Dem Franchize Boyz) - R&B Edit with Rap"
"0.113","Everywhere"
"0.038","Excitement"
"0.0287","exile (feat. Bon Iver)"
"0.0703","Expensive (feat. Nicki Minaj)"
"0.903","Eyes Blue Like The Atlantic"
"0.777","Eyes Blue Like The Atlantic (feat. Subvrbs)"
"0.181","Eyes. Lips. Face."
"0.265","Eyes. Lips. Face. (e.l.f.)"
"0.0647","F Love"
"0.207","F2020"
"0.102","Face Like a Model"
"0.359","Facts"
"0.0752","Faded"
"0.0465","Faded Love"
"0.0348","Faded Love - NOØN Remix"
"0.0754","Fake Friends"
"0.0776","Fake ID"
"0.0476","Fake Promises"
"0.0882","Fall"
"0.0277","Fallen Angel"
"0.0299","Falling"
"0.056","Falling"
"0.0364","Falling"
"0.0321","Falling Again"
"0.424","Falling for U"
"0.0534","Falling Up"
"0.335","Family"
"0.047","Famous"
"0.211","Famous (I'm The One) (feat. Yo Gotti & DeJ Loaf)"
"0.0353","Fantasy"
"0.097","Far Away From Home (feat. Leony)"
"0.217","fast"
"0.12","Fat Pockets"
"0.0549","Father Stretch My Hands Pt. 1"
"0.335","Faucet Failure"
"0.0364","favorite crime"
"0.0598","Favorito"
"0.204","Faygo"
"0.36","Feel Like A Boss (feat. 42 Dugg)"
"0.323","Feel Like Guwop"
"0.0312","feel loved"
"0.127","Feel Me"
"0.0707","feel something"
"0.0943","FEEL SOMETHING DIFFERENT"
"0.0339","Feel Your Love"
"0.0359","Feeling Whitney"
"0.0325","Feelings"
"0.0571","Feels (feat. Pharrell Williams, Katy Perry & Big Sean)"
"0.0545","Feels Like"
"0.0544","Feels Like Falling"
"0.0432","Feels Right"
"0.0797","Fever"
"0.06","Fiel"
"0.0747","Fiesta (The Dance Song)"
"0.0533","Fight Back"
"0.354","Fight Me"
"0.129","Fight Song"
"0.526","FIGHT!"
"0.053","Fighter - TMW Remix"
"0.289","Figure It Out"
"0.0973","Filipina Aye"
"0.317","Filipina Girl"
"0.255","Filipina Girl"
"0.0458","Fill It Up"
"0.134","Film out"
"0.0564","Find a Way"
"0.0556","Fine On My Own"
"0.0996","Finesse - Remix; feat. Cardi B"
"0.0329","Fire Burning"
"0.0573","Fire In The Trees"
"0.0967","Fire To Smoke"
"0.0442","Fireflies"
"0.0454","Firefly"
"0.045","Fireworks (feat. Moss Kena & The Knocks)"
"0.0332","Flamakae Baby"
"0.511","Flamingo"
"0.0399","Flashing Lights"
"0.288","FlatBed Freestyle"
"0.0434","Flex (Ooh, Ooh, Ooh)"
"0.288","Flexgang"
"0.0684","Flexin'"
"0.444","FLEXIN N' FLASHIN"
"0.331","FLIP THE SWITCH (feat. Drake)"
"0.0727","FLY HIGH!!"
"0.0552","Fly Me To The Moon"
"0.0759","Fly Today"
"0.0841","Fly With Me"
"0.107","Fly With You"
"0.079","Flyboy"
"0.0934","FML"
"0.121","FML"
"0.304","Focused"
"0.0328","Follow My Lead"
"0.33","Follow The Bass Intenso Boom Boom Tiktok"
"0.0403","Fool for Believing"
"0.303","fools (can't help falling in love) (feat. Sody)"
"0.119","Foot Fungus"
"0.038","For Mama"
"0.306","For Me"
"0.324","For Me"
"0.179","For Me (Dance Remix)"
"0.2","For The Night (feat. Lil Baby & DaBaby)"
"0.0702","Forever"
"0.121","Forma do Padrão"
"0.0385","Freak"
"0.123","Freak"
"0.216","FREAK"
"0.515","Freak (feat. REI AMI)"
"0.0485","Freaks"
"0.224","Freaky Friday (feat. Chris Brown)"
"0.0321","Freed From Desire"
"0.126","Friday (feat. Mufasa & Hypeman) - Dopamine Re-Edit"
"0.112","Friday Night Lights"
"0.0335","Friends"
"0.0414","Friendships"
"0.0297","Friendships (Lost My Love)"
"0.0425","Friendships (Lost My Love) - ATB Remix"
"0.176","Frikitona"
"0.175","Frikitona"
"0.257","Frikitona"
"0.0904","Frozen"
"0.325","Fucc Valentines"
"0.0855","Fuck Buddy (feat. Skusta Clee)"
"0.292","Fuck It Up"
"0.0682","Fuck It up (feat. Yg)"
"0.292","Fuck It Up!"
"0.047","Fuck My Night Up"
"0.0692","Fuck Off"
"0.325","Fuck Shit"
"0.468","Fuck This Job"
"0.0443","FUCKBOY"
"0.0823","Fuego"
"0.0256","Fukashigi no Carte - Seishun Buta Yarou wa Bunny Girl Senpai no Yume wo Minai"
"0.0434","Funky Town"
"0.439","Funny Thing"
"0.162","Funny Thing About Love (with Bipolar Sunshine)"
"0.0571","g r e e k t r a g e d y - Slowed"
"0.296","GA/FL"
"0.0388","Galaw"
"0.165","Game"
"0.0312","Ganda Mo"
"0.0593","Gangsta's Paradise"
"0.643","Garage Room Freestyle (Reel It In)"
"0.0618","Gasolina"
"0.299","Geek'd (feat. Lil Baby)"
"0.0833","Genesis"
"0.165","Genius (feat. Sia, Diplo, and Labrinth)"
"0.486","GENOCIDE"
"0.0384","Georgia"
"0.0805","Geronimo"
"0.0355","Get Busy"
"0.036","Get Busy"
"0.119","Get Busy (feat. Fat Man Scoop & Crooklyn Clan) - Clap Your Hands NowRemix"
"0.038","Get Gone"
"0.128","Get in Trouble (So What)"
"0.448","Get Loose"
"0.0859","Get Low"
"0.0559","Get Money (Freestyle)"
"0.289","Get Off The Corner"
"0.2","Get Ready (feat. Blake Shelton & Joe Perry)"
"0.31","Get Slid"
"0.114","Get Up (feat. Chamillionaire)"
"0.109","Get Up (feat. Chamillionaire)"
"0.188","Get You The Moon (feat. Snøw)"
"0.0615","GetBy"
"0.141","Getting My Dough"
"0.0329","Ghost"
"0.112","Ghost"
"0.0348","Ghost Boy"
"0.0288","Ghost Town"
"0.0358","ghost town (voice memo)"
"0.039","Gimme Dat (feat. S.E.N)"
"0.0986","Gimme Love"
"0.0334","Gimme More"
"0.058","Gimme! Gimme! Gimme!"
"0.181","Gimme! Gimme! Gimme! (A Man After Midnight)"
"0.118","Ginalingan"
"0.194","GIRL LIKE ME"
"0.191","GIRL LIKE ME"
"0.0296","Girl With The Tattoo Enter.lewd"
"0.0275","Girl You're Perfect (Screwed & Chopped)"
"0.353","Girls in the Hood"
"0.292","Girls in the Hood"
"0.0476","Girls Like Us"
"0.0505","Girls Like You (feat. Cardi B)"
"0.217","Girls Need Love (with Drake) - Remix"
"0.308","Give Freestyle"
"0.0487","Give Your Heart a Break"
"0.0522","Glorious (feat. Skylar Grey)"
"0.0547","Glow"
"0.0528","Glowin"
"0.0969","Go"
"0.145","Go Crazy"
"0.329","Go Crazy - Female Version"
"0.291","Go Daddy Go"
"0.0967","Go Dumb (feat. blackbear, The Kid LAROI and Bankrol Hayden)"
"0.308","Go Girl"
"0.165","Go Go Go Who's Next"
"0.323","Go Go Go Who's Next?"
"0.182","GO OFF (Nuthin' 2 It)"
"0.0326","Go Outside"
"0.253","Go Stupid (feat. NLE Choppa & Mike WiLL Made-It)"
"0.0382","Goddess Kinda Power"
"0.0407","Gods Plan Slowed - Remix"
"0.043","Godspeed"
"0.125","Goes Like (Do Do Do)"
"0.274","GOKU"
"0.588","Golden"
"0.174","GOLDEN WIND!"
"0.0601","Goldigs (Masaya Na Ko)"
"0.0609","Gone"
"0.0598","Gone"
"0.171","Gone Head"
"0.341","GOOBA"
"0.204","good 4 u"
"0.154","good 4 u"
"0.0583","Good Days"
"0.173","Good Days (Dance Remix)"
"0.0535","Good Feelin'"
"0.156","Good Looking"
"0.471","Good Morning"
"0.492","Good Morning"
"0.0406","Good Old Days"
"0.054","Good Vibes Only"
"0.0532","Good Without"
"0.0563","Goodbye"
"0.0808","Goodbye - Remix"
"0.0483","Goodbye To A World"
"0.0491","Goodies (feat. Petey Pablo)"
"0.36","GOODMORNINGTOKYO!"
"0.0484","goosebumps"
"0.0417","Goosebumps"
"0.0408","Goosebumps"
"0.0444","Goosebumps"
"0.343","Gordon Ramsay"
"0.0931","Gorillas & Apes"
"0.294","Got It All"
"0.0898","Got Me Good"
"0.0377","Got That Sunshine on My Best Sunday (TikTok Challenge)"
"0.657","Got The Sauce"
"0.126","Got To See"
"0.0518","Goth Girls"
"0.0445","Goyang Capek Deh"
"0.271","Graduation (with Juice WRLD)"
"0.0342","Gravity"
"0.252","Gravity (feat. Tyler, The Creator)"
"0.0672","Greek Tragedy"
"0.0482","Greek Tragedy - Oliver Nelson TikTok Remix"
"0.303","GTFO"
"0.259","GUACAMOLE HOT DOG"
"0.308","Gucci Flip Flops (feat. Lil Yachty)"
"0.0464","Gucci Knife (feat. MASN)"
"0.0641","Gugmang Ga Aso-Aso"
"0.248","Guren No Yumiya"
"0.0346","Gurenge (From Demon Slayer: Kimetsu no Yaiba)"
"0.0313","Habits (Stay High)"
"0.0366","Habits (Stay High) - Hippie Sabotage Remix"
"0.0307","Hadal Ahbek"
"0.0602","Hadal Ahbek Slowed (Rapapa Parapa Rapa)"
"0.316","Haha"
"0.444","HAHA"
"0.361","Hai Domo"
"0.0917","Hai Phút Hơn"
"0.0504","Half A Man"
"0.0464","Halik"
"0.057","Halik"
"0.491","Halika Na"
"0.139","Hallucinate"
"0.077","Halo Halo"
"0.0489","Hands in the Fire"
"0.127","Hands Up"
"0.0312","Hanggang Kailan"
"0.0296","Hanggang Kailan - Umuwi Ka Na Baby"
"0.0815","Haning Dua - Nofin Asia Music Cover"
"0.0474","Happiness (feat. MOGUAI & ILIRA) - Max Bering Remix"
"0.0411","Happy Again"
"0.0455","Happy Ajalah ft. Gafar - Santai"
"0.0487","Happy Break Up"
"0.07","Happy Together"
"0.039","Hardcore Vibes - Giorgio Gee Remix"
"0.0384","Harusnya Aku - Nofin Asia Music Cover"
"0.0451","Harusnya Aku - Remix"
"0.0555","Hatchback"
"0.103","Hatchback"
"0.056","Hatchback"
"0.0507","Hate Me (with Juice WRLD)"
"0.117","Hate Me!"
"0.0374","Haunt You (feat. chloe moriondo)"
"0.032","Having You Near Me"
"0.389","Hawái"
"0.1","Hawai - Female Version"
"0.0855","Hay Que Bueno"
"0.0624","Hayaan Mo Sila"
"0.0569","Hayaan Mo Sila (Inspired by I'm the One)"
"0.0437","Hayati"
"0.0728","Hayloft"
"0.115","HBD (Birthday Mo)"
"0.32","HBS"
"0.0554","He's a Pirate"
"0.0662","Head & Heart (feat. MNEK)"
"0.067","Head and Heart - Female Version"
"0.0652","head first"
"0.193","Head Shoulders Knees & Toes (feat. Norma Jean Martine)"
"0.0526","Hear Me Tonight"
"0.0273","Hear You Calling"
"0.0613","Hear Your Love - Radio Edit"
"0.104","Heart Attack"
"0.0737","HEART ATTACK (feat. lau.ra)"
"0.061","Heart Don't Stand a Chance"
"0.166","Heart Mind"
"0.0341","Heart Of Glass (Live from the iHeart Festival)"
"0.15","Heart React"
"0.108","Heart to Heart"
"0.0487","Heartbeat"
"0.0791","Heartbreak Anniversary"
"0.102","Heartbreak Anthem (with David Guetta & Little Mix)"
"0.226","Heartless"
"0.0397","Heartless"
"0.0944","Heat Waves"
"0.0693","Heathens"
"0.0333","Heather"
"0.0325","Heather - Female Version"
"0.0602","Heaven Is A Place On Earth"
"0.0572","Hecha Pa' Mi"
"0.107","Hello (feat. A Boogie Wit da Hoodie)"
"0.364","Hello Baby feat. Fivio Foreign"
"0.155","Her Akşam"
"0.0884","Hey Baby (Drop It to the Floor) (feat. T-Pain)"
"0.293","Hey Julie! (feat. Lil Yachty)"
"0.306","Hey Julie! (feat. Lil Yachty)"
"0.262","Hey Mama"
"0.151","Hey Mama (feat. Nicki Minaj, Bebe Rexha & Afrojack)"
"0.14","Hey Reporting Live It's Trap Bunny Bubbles (TikTok Dance)"
"0.067","Hey Sexy Lady"
"0.0293","Hey There Delilah"
"0.0552","Hey Ya! - Radio Mix / Club Mix"
"0.114","High Fashion (feat. Mustard)"
"0.066","High on You"
"0.102","Higher"
"0.218","Higher"
"0.084","Higher (feat. iann dior) - VIZE Remix"
"0.0321","Higher Ground (feat. John Martin)"
"0.123","Higher Space"
"0.0317","HIGHEST IN THE ROOM"
"0.0361","Hiling"
"0.0294","Hinahanap Ng Puso"
"0.0485","Hindi Ako"
"0.0285","Hindi Kita Malilimutan"
"0.0334","Hindi Na Nga"
"0.035","Hindi Tayo Pwede"
"0.0712","Hips Don't Lie (feat. Wyclef Jean)"
"0.0623","His & Hers (feat. Don Toliver, Lil Uzi Vert & Gunna)"
"0.0452","Hit Different"
"0.133","Hit It"
"0.0586","Hit My Line"
"0.0489","Hit tha Roof"
"0.362","Hit the Quan - Original Version"
"0.352","Hit the Quan - Throw the Flag Version"
"0.0948","Hokus Pokus"
"0.0352","Hold Me Like You Used To"
"0.0333","Hold Me While You Wait"
"0.0526","Hold On"
"0.0558","Hold On"
"0.0537","Hold On"
"0.146","Hold Steady"
"0.153","Hold You"
"0.348","Holdin Me Down"
"0.0601","Holding Feelings"
"0.164","HOLIDAY"
"0.122","Holiday - Female Version"
"0.184","Holy - Female Version"
"0.36","Holy (feat. Chance The Rapper)"
"0.462","Holy Moly (feat. NLE Choppa)"
"0.0361","Home"
"0.0318","Home"
"0.0307","Home"
"0.0383","Homies"
"0.579","Honesty - (Jersey Club Remix)"
"0.0546","Honey, I'm Good."
"0.447","Hood Baby"
"0.408","Hood Baby"
"0.538","Hood Baby"
"0.281","Hoopla x Wap - TikTok Mashup"
"0.124","Hope"
"0.106","Hope"
"0.0603","Hope"
"0.03","Hopelessly Devoted To You - From “Grease”"
"0.184","Hot (Remix) [feat. Gunna and Travis Scott]"
"0.313","Hot Girl"
"0.19","Hot Girl"
"0.0776","hot girl bummer"
"0.0599","Hot Girl Bummer"
"0.0963","hot girl bummer - Slowed"
"0.0633","Hot Girl Bummer (Remix)"
"0.0625","Hot Girl Bummer (Remix) [feat. Remix Kingz]"
"0.155","Hot Girl Summer (feat. Nicki Minaj & Ty Dolla $ign)"
"0.12","Hot In Herre"
"0.42","Hot N*gga"
"0.389","Hot Shower"
"0.387","Hot Shower"
"0.148","Hot Stuff"
"0.175","Hotel Room Service"
"0.345","Houdini"
"0.0313","How - demo"
"0.138","How Bad Can I Be?"
"0.0469","How Bizarre"
"0.0411","How Bizarre"
"0.0731","How Deep Is Your Love"
"0.0444","How Far Can We Go"
"0.0918","How You Like That"
"0.477","Howdy Doo"
"0.0773","HP"
"0.0297","Hudson"
"0.171","Hugh Hefner"
"0.0368","human"
"0.465","HUMPTY DUMPTY"
"0.0488","Hungry Hippo"
"0.0468","Hurts So Good"
"0.0437","Hurts So Good - Maximillian & Kina Version"
"0.325","Hustle & Flow"
"0.148","Hypnotized"
"0.0797","Hypnotized (feat. Akon)"
"0.143","I'll Never Let You Know"
"0.102","I'm a Flirt Remix (feat. T.I. & T-Pain)"
"0.224","I'm a Savage (TikTok Dance)"
"0.106","I'm a Slave 4 U"
"0.0529","I'm Crazy But You Like That"
"0.0447","I'm Just a Kid"
"0.0668","I'm Just Feelin' (Du Du Du)"
"0.0663","I'm Legit"
"0.15","I'm Losing Myself"
"0.298","I'm Moving Too Fast"
"0.261","I'm not Pretty"
"0.191","I'm Ready"
"0.243","I'm Sicc"
"0.911","I'm Single and I'm Lit"
"0.0857","I'm the One - Marimba Remix"
"0.0614","I'm Yours"
"0.11","I've Been Lonely (TikTok Dance)"
"0.184","I Aint Got No Type (Chopped Not Slopped)"
"0.0423","I AM"
"0.156","I Am (feat. Flo Milli)"
"0.0358","I Can't Handle Change"
"0.313","I Candy"
"0.347","I Could Dance Like Michael Jackson"
"0.0536","I Did It"
"0.0581","I Did It"
"0.0442","I Don't Care (with Justin Bieber)"
"0.178","I Don't Mind (feat. Juicy J)"
"0.299","I Don't Understand"
"0.0725","I Don't Wanna Be Your Friend"
"0.324","I Don't Wanna Know"
"0.062","i don't want you to love me"
"0.116","I Don’t (with DVBBS)"
"0.0491","I Feel Like I'm Drowning"
"0.325","I Get Crazy (feat. Lil Wayne)"
"0.153","I Got a Feeling"
"0.323","I Got You"
"0.148","I Gotta Crush, Pt. 2"
"0.0615","I hate all men but when he ..."
"0.0429","I Just Died In Your Arms Tonight"
"0.0258","I Just Want You"
"0.0677","I Kissed A Girl"
"0.0432","I LIKE CARS"
"0.113","I Like Him"
"0.105","I Like It Slowed - Remix"
"0.0274","I Like You So Much, You'll Know It"
"0.146","I Love Girls"
"0.0402","I Love U Baby"
"0.0382","i love you"
"0.0406","I Love You"
"0.163","I Met Sarah in the Bathroom"
"0.142","i met sarah in the bathroom {slow//reverb}"
"0.0468","i miss u (with Au/Ra)"
"0.0494","I Need You To Know"
"0.0417","I Really Like You"
"0.0453","I Wanna Dance with Somebody (Who Loves Me)"
"0.0515","I Wanna Fuck You"
"0.0414","I Wanna Love You"
"0.0417","I Wanna Love You"
"0.0422","I Want It All - Club Mix"
"0.0726","I Want More"
"0.42","I Want You Back"
"0.0659","I Want You So Bad"
"0.0292","i was all over her"
"0.0441","I Will Be Okay"
"0.278","I’m Single"
"0.368","ICE (feat. MORGENSHTERN)"
"0.35","Ice Cream (with Selena Gomez)"
"0.334","Ice Cream (with Selena Gomez)"
"0.52","Ice Me Out"
"0.13","Ice Water"
"0.301","Idiote"
"0.04","IDK You Yet"
"0.0424","IDK You Yet"
"0.306","If I Die"
"0.0277","If I Die Young"
"0.129","If the World Was Ending - feat. Julia Michaels"
"0.0817","If You Had My Love"
"0.132","If You Want Love"
"0.0549","If You Want Me To"
"0.331","IFHY (feat. Pharrell)"
"0.0423","Igjen Og Igjen (feat. TIX)"
"0.0492","Ikan Hiu Makan Tomat"
"0.0307","Ikaw"
"0.0289","Ikaw At Ako"
"0.0885","Ikaw Kase"
"0.0714","Ikaw Lang"
"0.0421","Ikaw Ra Gang"
"0.0602","Iko Iko"
"0.058","Iko Iko (My Bestie and Your Bestie Sitting by the Fire)"
"0.0625","Iko Iko (My Bestie)"
"0.0892","ily (i love you baby) (feat. Emilee)"
"0.0247","Imagination"
"0.0589","Imagine"
"0.0341","Imahe"
"0.0369","Imitadora (Slowed + Reverb)"
"0.365","Imma Be"
"0.0838","Impatient (feat. Coi Leray)"
"0.0276","In & Out"
"0.0491","In A Club"
"0.0486","In Da Club"
"0.366","In Da Club"
"0.254","In My Feelings"
"0.0651","In My Head"
"0.0429","In My Head"
"0.0378","In My Life"
"0.0675","In My Room"
"0.0912","In the End"
"0.0968","In The End"
"0.11","In The End - Mellen Gi Remix"
"0.033","In the End (TikTok Dance)"
"0.0625","In The Night"
"0.262","In The Party"
"0.333","In The Party"
"0.148","In the Shadows"
"0.0346","In Your Eyes"
"0.0291","In Your Eyes - TMW Remix"
"0.0716","In Your Eyes (feat. Alida)"
"0.0828","Indigo"
"0.0429","Infinity - Dubdogz & Bhaskar Edit"
"0.0349","Ingatan Mo"
"0.0319","Iniibig Kita"
"0.295","Inside My Head (Voices)"
"0.0441","Insomnia"
"0.305","Intenso Boom Boom"
"0.185","Intenso boom boom ( Acompanha o Grave )"
"0.0533","Intentions"
"0.0552","Intentions"
"0.0575","Intentions (feat. Quavo)"
"0.487","Interior Crocodile Alligator"
"0.421","Interior Crocodile Alligator"
"0.0499","International Love (feat. Chris Brown)"
"0.139","Into The Thick Of It!"
"0.0561","Into The Wild"
"0.196","Intro (Real Love)"
"0.0288","Island In The Sun"
"0.0563","It's A Rainy Day 2021 - Radio Edit"
"0.0327","It's Not The Same Anymore"
"0.17","It's Tricky"
"0.233","It's You (Marcus Layton Edit)"
"0.0295","It Ain't True"
"0.0713","It Wasn't Me"
"0.0715","It Wasn't Me"
"0.0407","It Won't Stop (feat. Chris Brown) - EP Version"
"0.0397","It’s ‘Cause I Am"
"0.0593","It’s Only A Heartbreak"
"0.152","Italiana"
"0.203","Its Corona Time"
"0.0416","Itsumo"
"0.297","Ivana"
"0.132","Jackpot"
"0.0692","Jaga Orang Pu Jodoh"
"0.0378","Jalebi Baby"
"0.127","Jalepeño"
"0.188","James Harden"
"0.0536","Jangueo"
"0.439","JAPAN"
"0.22","Jazz Hands"
"0.0457","Jealous"
"0.36","Jelly"
"0.242","Jelly (Dance Version)"
"0.033","Jenny"
"0.0334","Jenny (I Wanna Ruin Our Friendship)"
"0.0513","Jerusalema"
"0.0505","Jerusalema (feat. Nomcebo Zikode)"
"0.0837","Jessica"
"0.0295","Jocelyn Flores"
"0.335","Joe Exotic Vs Carole Baskin (Rap Battle)"
"0.261","John Doe"
"0.146","JoJo Pose"
"0.302","JoJo Pose"
"0.257","Joro"
"0.166","Josslyn"
"0.187","Josslyn"
"0.046","JOTARO! - TheRedW Mix"
"0.0917","Jóvenes no tan Locos"
"0.0697","Judas"
"0.0596","Judgement"
"0.0643","Jugg"
"0.0669","Juicy"
"0.155","Juicy"
"0.0661","Juicy"
"0.042","July"
"0.182","Jump"
"0.0528","Jump"
"0.223","Jump Up, Super Star!"
"0.233","Jumpman 4's"
"0.397","Juon Ruo Jilu"
"0.0461","Jus' Know"
"0.179","Just Can’t Get Enough"
"0.0311","Just Dance"
"0.359","Just Do It (Slow Motion)"
"0.0351","Just Friends"
"0.141","Just Keep Goin'"
"0.133","Just Like Like That Come My Way"
"0.0285","Just People"
"0.0734","Just the Two of Us"
"0.0906","Just the Two of Us"
"0.213","Just The Two Of Us"
"0.0813","Just the Two of Us (feat. Bill Withers)"
"0.0545","Kabet"
"0.0378","Kabet"
"0.0377","Kabet"
"0.0301","Kabilang Buhay"
"0.0351","Kahit Ayaw Mo Na"
"0.0994","Kahit Bata Pa Ako"
"0.0459","Kahit Ganyan Ka"
"0.0256","Kahit Maputi Na Ang Buhok Ko"
"0.0458","Kaka Main Salah"
"0.0802","Kakaiba (feat. Jroa & Skusta Clee)"
"0.137","Kakaibabe"
"0.0908","Kalau Memang Enggak Sayang"
"0.032","Kalawakan"
"0.0401","Kamu Adalah Inspirasiku (Remix)"
"0.0402","Karma"
"0.0375","Karna Su Sayang - DJ OPUS Dance Version REMIX"
"0.0342","Karna Su Sayang - DJ OPUS Dangdut Version REMIX"
"0.0387","Kasih Sayang Kepada Orang Tua"
"0.0301","Kathang Isip"
"0.0438","Kau Meninggalkanku Tanpa Perasaan"
"0.0379","Kau Tak Pernah Berfikir (Remix)"
"0.0314","Kawawang Cowboy"
"0.0308","Kay Tagal"
"0.0467","Ke cap gap ba gia TikTok - Dj Tiktokker Remix"
"0.112","Keep Dancing"
"0.391","Kerwin Frost Scratch That"
"0.0476","Kiat Jud Day"
"0.0516","Kiat Jud Dong"
"0.0317","Kick Me"
"0.0571","Kids"
"0.374","KIDS"
"0.133","Kikay"
"0.0461","Kill Cupid"
"0.139","Killing Me Softly With His Song"
"0.0426","Kimi No Toriko"
"0.046","Kimi No Toriko"
"0.0508","Kimi No Toriko"
"0.245","Kimi No Toriko Best Loop"
"0.146","King's Dead"
"0.299","King's Dead (with Kendrick Lamar, Future & James Blake)"
"0.0329","Kinikilig"
"0.0396","Kiri Kanan Santuy"
"0.0437","Kiss"
"0.193","Kiss (feat. Tom Jones)"
"0.0313","Kiss (Never Let Me Go)"
"0.0624","Kiss Me"
"0.0286","Kiss Me More (feat. SZA)"
"0.355","Kiss N Tell"
"0.0561","Kiwi"
"0.0366","KLWKN"
"0.168","Knicks"
"0.0657","Knock Knock"
"0.107","Knock Knock"
"0.223","Know Yourself"
"0.0402","Kokoronashi"
"0.205","Kolors"
"0.0906","Koni"
"0.0415","Korban Janji"
"0.0431","Korban Janji - DJ OPUS REMIX"
"0.237","Kraazy"
"0.167","Kream"
"0.137","Kream (feat. Tyga)"
"0.0323","Ku Puja Puja (Remix)"
"0.0243","Kundiman"
"0.0288","Kung 'Di Rin Lang Ikaw"
"0.0263","Kung Wala Ka"
"0.0425","Kusimpan Rindu di hati - Nofin Asia Music Cover"
"0.0385","L'amour Toujours"
"0.354","L-Gante Rkt"
"0.176","L.A.LOVE (la la) [feat. YG]"
"0.185","L.O.V.(e)."
"0.0679","La Banda - F. Physical Club Mix"
"0.136","La Curiosidad"
"0.0728","La Da Dee"
"0.207","La Jeepeta - Remix"
"0.105","La Mamá de la Mamá"
"0.288","La Noche De Anoche - Female Version"
"0.206","La Nota - Female Version"
"0.164","La Tóxica"
"0.0307","Ladida (My Heart Goes Boom) [feat. ILIRA]"
"0.428","Laffy Taffy"
"0.158","Laffy Taffy (Jersey Club Mix) - Original"
"0.335","Laffy Taffy vs Hit It For Me One Time - Mashup Remix"
"0.0413","Lagu Dayak"
"0.0846","Lalala"
"0.0375","Lalala - Oliver Heldens Remix"
"0.0627","Lambada"
"0.0587","Larawan (feat. Flow G)"
"0.248","Large Amounts"
"0.351","Las Nenas (feat. La Duraca)"
"0.145","Last Night"
"0.0919","Latch"
"0.0868","Late out"
"0.0825","Lately"
"0.102","Later Bitches"
"0.223","Latest Trends"
"0.0393","LATINA"
"0.134","Laugh Now Cry Later (feat. Lil Durk)"
"0.0891","Laxed - Siren Beat"
"0.11","Laxed – Siren Beat"
"0.312","Lay It Down Gmix - Main"
"0.0631","Lay Lay Lay Joker"
"0.0999","Lay Low"
"0.206","LEAD THE RACE (UNDEFEATED)"
"0.281","Leaked"
"0.307","Lean Wit It, Rock Wit It"
"0.113","Leave a Light On"
"0.0375","Leave A Little Love"
"0.296","Leave Em Alone"
"0.19","Leave Em Alone (Layton Greene, Lil Baby feat. City Girls, PnB Rock)"
"0.0324","Leave The Door Open"
"0.347","Left Foot Up Right Foot Slide"
"0.0402","Lelah Mengalah - Remix"
"0.0521","Lemon Tree"
"0.058","Lemon Tree"
"0.0417","Lemon Tree"
"0.0405","Lemon Tree"
"0.0549","Lemon Tree"
"0.0613","Lemon Tree Lofi Hip Hop"
"0.079","Lemonade"
"0.177","Lemonade - Female Version"
"0.079","Lemonade (feat. Gunna, Don Toliver & NAV)"
"0.0442","Lento"
"0.211","Let's Do It Again"
"0.271","Let's Get Married"
"0.282","Let Go"
"0.0351","Let Go"
"0.061","Let Her Go"
"0.053","Let Her Go (Screwed and Chopped)"
"0.0288","Let It Go"
"0.0429","Let It Go"
"0.107","Let Me Blow Ya Mind"
"0.0832","Let Me Know (I Wonder Why Freestyle)"
"0.121","Let You Down"
"0.165","Lets Link"
"0.224","Lets Link"
"0.121","Letter to Daddy (Tribute)"
"0.0353","Letting You Go"
"0.169","Level Up"
"0.0601","Levitating (feat. DaBaby)"
"0.372","Lexi"
"0.354","Liar"
"0.0498","Liberdade (Quando o Grave Bate Forte)"
"0.225","Lie To You"
"0.0873","Life"
"0.124","Life"
"0.0384","Life's a Coma"
"0.0377","Life's a Mess"
"0.0631","Life's a Mess (Female)"
"0.0424","Life Goes On"
"0.0469","life hack"
"0.0317","Life in Your Years"
"0.119","Life Is a Highway"
"0.481","Life Is Good (feat. Drake)"
"0.298","Life of Brick"
"0.157","Life Sux"
"0.0366","Lifestyle (feat. Adam Levine)"
"0.0564","Light You Up"
"0.0422","Lights Down Low (feat. Waka Flocka Flame)"
"0.0664","Lights Go Out"
"0.0584","Lights On"
"0.0542","Lights Out"
"0.449","Like A G6"
"0.0466","Like a Rodeo"
"0.0936","Like That"
"0.194","Like That (feat. Gucci Mane)"
"0.18","Like That (feat. Gucci Mane)"
"0.216","Limo Boys"
"0.0285","Line Without a Hook"
"0.0385","Little Dark Age"
"0.0275","Little Lion Man"
"0.389","Live A Lil"
"0.173","Living Young Wild and Free"
"0.0464","LMK"
"0.0343","LMK"
"0.119","Loading"
"0.0348","LOCKDOWN"
"0.115","LOCKED UP PT. 2"
"0.0491","Loco"
"0.136","Lonely"
"0.048","Lonely - Female Version"
"0.413","Lonely (Marcus Layton Edit)"
"0.0398","Lonely (with benny blanco)"
"0.0396","Lonely (with benny blanco)"
"0.147","Look at Her Now"
"0.184","Look At Me Now (feat. Lil' Wayne & Busta Rhymes)"
"0.0543","Look into My Eyes"
"0.474","Looking Like That"
"0.0741","Lose Control"
"0.0415","Lose Control"
"0.107","Lose Control (feat. Ciara & Fat Man Scoop)"
"0.0598","Lose My Mind"
"0.04","Lose Track"
"0.0364","Lose You to Love Me"
"0.0436","Lose You To Love Me"
"0.159","Losing Blood"
"0.226","Lost"
"0.353","Lost Kings"
"0.264","Lost My Mind"
"0.302","Lost Souls"
"0.0678","Lost Umbrella"
"0.19","Lottery (Renegade)"
"0.216","Lottery (Renegade)"
"0.115","Lotus Flower Bomb (feat. Miguel)"
"0.0409","Love"
"0.0283","Love"
"0.052","Love"
"0.139","Love Again"
"0.0507","Love Again (feat. Alida)"
"0.0748","Love Galore (feat. Travis Scott)"
"0.0541","Love Is a Bitch"
"0.0303","Love Is Gone - Acoustic"
"0.0334","Love Me"
"0.0852","Love Me"
"0.0609","Love Me"
"0.259","Love Me"
"0.0466","Love Me Later"
"0.043","Love Me Like You"
"0.0642","Love Not War (The Tampa Beat)"
"0.0938","Love Songs"
"0.0906","Love Songs - Bonus"
"0.0321","Love Story"
"0.0311","Love Story"
"0.0404","Love Story"
"0.0308","Love Story"
"0.0612","Love Story - Discoball Remix"
"0.0311","Love Story (Taylor’s Version)"
"0.161","Love Story Cover"
"0.0347","Love Story Remix (I Love You) [TikTok Dance]"
"0.0637","Love Struck"
"0.0467","Love Taker"
"0.06","Love You Different (feat. BEAM)"
"0.0528","Love You Less"
"0.0924","LOVE. FEAT. ZACARI."
"0.0568","Lovefool"
"0.0299","Lovefool"
"0.064","Lovely"
"0.0333","lovely (with Khalid)"
"0.09","Lovers Say Goodbye"
"0.0544","Loving Is Easy"
"0.0791","Low (feat. T-Pain)"
"0.429","LSD"
"0.155","lucifer"
"0.0308","Luha"
"0.0498","LULLABY"
"0.251","Luvdrug"
"0.184","Luxury"
"0.065","M o t i v e X P r o m i s c u o u s"
"0.309","M to the B"
"0.0724","M to the B"
"0.063","Ma boy"
"0.0577","Ma Boy"
"0.194","MA CHÉRIE"
"0.0906","Mad at Disney"
"0.0486","Mad at Disney"
"0.435","Mad at Me"
"0.16","Mad Love"
"0.137","Mad Love (feat. byMIA)"
"0.11","Mad World"
"0.053","Madan (Siren Jam)"
"0.0668","Made It Bigger"
"0.053","Magandang Dilag"
"0.0463","Magandang Dilag"
"0.119","Magic"
"0.0385","Magic In The Hamptons (feat. Lil Yachty)"
"0.0395","Magsayawan"
"0.0742","Maikee's Letters"
"0.174","Make His Pockets Hurt"
"0.134","Make His Pockets Hurt"
"0.0485","Make It With You"
"0.0487","Make Love"
"0.333","Make No Sense"
"0.0316","Make up Our Mind"
"0.0553","MAKE YA HOLLA"
"0.0261","Make You Mine"
"0.0279","Make You Mine - Acoustic"
"0.344","Making Moves"
"0.0396","MALA SANTA"
"0.0383","Malaya (Camp Sawi Original Motion Picture Soundtrack)"
"0.0613","Malayo Ka Man"
"0.0295","Malibu"
"0.138","Mamacita"
"0.0503","Mamang Sorbetero"
"0.0331","Mamma Mia - From 'Mamma Mia!' Original Motion Picture Soundtrack"
"0.0397","Maneater"
"0.246","Manhattan Vibes"
"0.0435","Maniac"
"0.0303","Maps"
"0.269","Maradona"
"0.188","Maravilha (feat. Mc Magrinho)"
"0.0634","Maria"
"0.0745","Marikit"
"0.0748","Marikit"
"0.028","Mariposa"
"0.102","Marlboro"
"0.311","Marlboro Nights"
"0.253","Martin & Gina"
"0.0342","Masdan Mo Ang Kapaligiran"
"0.431","Mask Off"
"0.268","Mask off (Screwed and Chopped)"
"0.0386","Masuk Pak Eko Ditikung Teman"
"0.0352","Mau"
"0.202","May I"
"0.0717","Mayday"
"0.0294","Me & U"
"0.0261","me & ur ghost"
"0.0387","Me & You ◑"
"0.191","Me Love"
"0.112","Me rehúso - Remix"
"0.296","Me Too"
"0.18","Me Vs Me"
"0.3","Mean"
"0.182","Meaning"
"0.0856","Meant to Be (feat. Florida Georgia Line)"
"0.0532","Medley: Tie / Fade / Letter"
"0.0486","Meet Up"
"0.242","Mega do Beco"
"0.336","Mega Pra Elas Joga"
"0.0495","Melody (1983 Club Vinyl Mix)"
"0.0479","Melody Harmony"
"0.293","mememe"
"0.0504","Memori Berkasih - Remix"
"0.0584","Memories"
"0.116","Memories"
"0.119","Memories"
"0.14","Memories (Drinks Bring Back)"
"0.255","Memories (feat. Kid Cudi)"
"0.0657","Menage A Trois"
"0.0379","Menjaga Jodoh Orang - Remix"
"0.261","Messi"
"0.0784","Metaphor"
"0.123","Mexico"
"0.363","Mhm Mhm"
"0.418","Mi Pan Ñam Ñam Ñam"
"0.281","Mi Pan Su Su Sum"
"0.15","Miami"
"0.0298","Michelle"
"0.23","MICKEY"
"0.0388","Midnight City"
"0.0346","Midnight Sky"
"0.0288","Migraine"
"0.0871","Miku"
"0.28","Milkshake"
"0.0434","Milkshake"
"0.273","Milkshake"
"0.388","Million Dollar Mullet - ChopNotSlop Remix"
"0.101","Miloves (Otw Sayo)"
"0.118","MiNi VaN"
"0.0617","Miracle Nights"
"0.151","Mírame - Remix"
"0.0471","Mirror Masa (I Think I'm Fallin' for Ya)"
"0.0503","Mirrors"
"0.246","Miss Flawless"
"0.0492","Miss Me"
"0.0555","Miss Taga San Ka?"
"0.121","Miss The Rage (feat. Playboi Carti)"
"0.0447","Miss U - Radio Edit"
"0.0633","Missing You"
"0.39","Mix It"
"0.0315","Mo Bamba"
"0.0759","Mo Money Mo Problems (feat. Puff Daddy & Mase) - 2014 Remaster"
"0.31","Molly"
"0.207","Molly [Reverb] - Slowed"
"0.0865","Molly Girl"
"0.0925","moment"
"0.0826","Moment"
"0.29","Money"
"0.101","Money Honey"
"0.256","Money Mouf"
"0.292","Money Real Long"
"0.227","Money Say"
"0.254","Money Talk"
"0.122","Money Trees"
"0.183","Money Up"
"0.378","MONOPOLY (with Victoria Monét)"
"0.0446","Monster"
"0.146","Monster - Female Version"
"0.124","Monster - Robin Schulz Remix"
"0.152","MONTERO (Call Me By Your Name)"
"0.045","Montero (Call Me by Your Name) [Dance Version]"
"0.25","Mood"
"0.0637","Mood"
"0.0612","Mood - Female Version"
"0.0369","Mood (feat. iann dior)"
"0.0361","Mood (feat. iann dior)"
"0.0366","Mood (Remix) feat. Justin Bieber, J Balvin & iann dior"
"0.0786","Mood Swings"
"0.314","Mood Swings"
"0.368","Mood Swings (feat. Lil Tjay)"
"0.0345","Moon"
"0.0598","Moonlight (feat. Danyka Nadeau & Badjack)"
"0.229","MOONWALK (feat. Yung Bans)"
"0.278","Mop"
"0.0427","Moral of the Story"
"0.0414","Moral of the Story"
"0.127","More"
"0.048","More"
"0.06","MORE & MORE"
"0.133","More Happy"
"0.0805","More Happy"
"0.0383","More Than A Woman - From Saturday Night Fever Soundtrack"
"0.0379","More Than A Woman - From Saturday Night Fever Soundtrack"
"0.15","More Yellow Hearts."
"0.086","Morena"
"0.173","Morena Girl"
"0.0361","Morning Prayer"
"0.0313","Motion (Keep Loving Me)"
"0.0436","Motivation"
"0.0652","motive (with Doja Cat)"
"0.0457","Motive x Promiscuous"
"0.0501","Motive X Promiscuous"
"0.183","MotorSport"
"0.0256","Mr Loverman"
"0.0725","Mr. Brightside"
"0.0272","Mr. Rager"
"0.0511","Mr. Saxobeat"
"0.087","Mr. Saxobeat"
"0.0315","Mrs Magic"
"0.0367","Ms"
"0.269","Ms. Jackson"
"0.0917","Mtg - Vem sentando vem"
"0.204","MTG É Sempre Assim"
"0.141","Muchacha"
"0.434","Muffins In The Freezer"
"0.065","Mundur Alon Alon - Nofin Asia Music Cover"
"0.887","MURNTY"
"0.102","Muwop (feat. Gucci Mane)"
"0.0828","My Band"
"0.0555","My Banyo Queen (ah-ah, umh-umh) featuring: Rica Peralejo"
"0.118","My Boo"
"0.378","My Chick Bad"
"0.0477","My Ex's Best Friend - Female Version"
"0.358","My Friends (feat. TeamTwin)"
"0.0457","My Head & My Heart - Claptone Remix"
"0.608","My Heart Went Oops"
"0.607","My Heart Went Oops"
"0.0411","My Last Made Me Feel like I Would Never Try Again"
"0.0699","My Life"
"0.0367","My Morena Girl"
"0.0457","my neck el pasecito challenge"
"0.138","My Neck, My Back (Lick It) - BENZI & BLVD. Remix"
"0.115","My Neck, My Back (Lick It) - Street/Club Version"
"0.0296","My Oh My (feat. DaBaby)"
"0.042","My Ordinary Life"
"0.494","MY STORY (DLOG)"
"0.0487","My Truck"
"0.258","My Type"
"0.115","My War (From Attack on Titan)"
"0.173","My Way"
"0.298","Myron"
"0.0644","Myself"
"0.072","Myself"
"0.0327","Myself - Jeaux Remix"
"0.0279","N i g h t C h a n g e s - Slowed"
"0.545","Na-Akit"
"0.0406","Na Na"
"0.0549","Na Na Na Boo Boo"
"0.0378","Na Ponta Do Pé"
"0.0799","Nadarang"
"0.0378","Nadarang - Campfire Mix"
"0.045","Nakakamiss"
"0.371","Namorar Não Pode"
"0.0615","Nandyan Agad Ako"
"0.0248","Nangangamba"
"0.0413","Não Me Tira da Sua Boca"
"0.0909","Não Nasci pra Namorar"
"0.0882","Não Pode Se Apaixonar"
"0.182","Napagod Na"
"0.326","Nararahuyo"
"0.274","Nascar"
"0.139","nasty"
"0.218","Nasty Freestyle"
"0.405","Nathy Peluso: Bzrp Music Sessions, Vol. 36"
"0.244","National Anthem"
"0.522","Need A Freak"
"0.135","Need Me"
"0.0326","Need You"
"0.127","Need You"
"0.244","Needed Me"
"0.166","Needed Me - Remix"
"0.259","Needed Me TikTok - Remix"
"0.182","Nem On Nem Off"
"0.078","Neneng B"
"0.0781","Neneng B"
"0.112","Neon Guts (feat. Pharrell Williams)"
"0.123","Nesesari (feat. Philkeyz)"
"0.0254","Never Be Lonely"
"0.358","Never Change"
"0.0465","Never Ending Story"
"0.0323","Never Forget You"
"0.122","Never Going Back"
"0.0392","Never Going Home"
"0.332","Never Left"
"0.0456","Never Let Me Down"
"0.0909","Never Met!"
"0.117","NEVER MET!"
"0.0602","Never Really Over"
"0.0411","Neverland"
"0.345","New Patek"
"0.0391","New Thang"
"0.037","Next To You (feat. Justin Bieber)"
"0.143","Ngayong Gabi"
"0.104","Nice Boys"
"0.141","Nice For What"
"0.0497","Nice to Nice to Know You Let's Do It Again"
"0.0614","Nights Like This"
"0.231","Nikes"
"0.114","Nikes (with MOTi)"
"0.0626","NNAN"
"0.39","No Face No Case"
"0.0473","No Games (feat. King Badger & Skusta Clee)"
"0.135","No Guidance - Instrumental"
"0.153","No Guidance (feat. Drake)"
"0.134","No Guidance Ayzha Nyree - Slowed"
"0.0391","No Hands (feat. Roscoe Dash & Wale)"
"0.0896","No Idea"
"0.0893","No Idea"
"0.0554","No Idea - Dj Purpberry Chopped and Screwed"
"0.0597","No Idea Bass Boosted - Slowed"
"0.0587","No Idea Bass Boosted (Slowed)"
"0.392","No Justice No Peace"
"0.117","No Lie"
"0.244","No Limit"
"0.196","No Love No Trust Freestyle"
"0.0879","No Matter What I Do All I Think About Is You"
"0.0288","No Mercy"
"0.225","No More ?'s"
"0.584","No More Parties"
"0.0315","No Reason"
"0.33","No Role Modelz"
"0.044","No Scrubs - Jolyon Petch Edit"
"0.321","No Smoke"
"0.0328","no song without you"
"0.107","No Te Enamores - Remix"
"0.0316","No Time"
"0.0581","No Wind Resistance!"
"0.385","NO. 9"
"0.027","Nobela"
"0.0392","Nobody"
"0.189","Nobody Safe"
"0.0853","Nobody To Love (with Loren Gray)"
"0.0341","Nobodys Love - Female Version"
"0.224","Nominate"
"0.123","Nonstop"
"0.129","Not Allowed"
"0.131","Not Shy"
"0.0476","Not So Bad (feat. Emie)"
"0.0642","Not That Girl"
"0.263","Not The Thermometer Challenge (feat. Dej Rose Gold, Qwote & Kingpin Skinny Pimp)"
"0.0493","Nothin' on You (feat. Bruno Mars)"
"0.169","Nothing Makes Sense"
"0.0508","Nothing New"
"0.0267","Nothing to Lose"
"0.0588","Notice Me"
"0.0845","Now You're Gone"
"0.0368","Nowhere"
"0.219","Nowhere To Run"
"0.302","Nuke"
"0.442","Nuketown (feat. Juice WRLD)"
"0.0306","Numb (Remix)"
"0.0289","NUNU NANA"
"0.152","nursery"
"0.0416","Nyong Manis"
"0.0324","O Children"
"0.0797","Ô Moça"
"0.0277","O Pag-ibig"
"0.087","Obnimi - Remix"
"0.0524","Obnimi (Callmearco Remix)"
"0.0625","Obsessed"
"0.0646","Obsessed"
"0.0727","Ocean Love"
"0.0948","Oceans"
"0.323","OFF THE RIP"
"0.472","Off Top"
"0.0498","Off You"
"0.0836","Officially Missing You - Midi Mafia Mix aka Radio Main"
"0.145","Og Advice"
"0.222","OG Bobby Johnson"
"0.0543","Oh Klahoma"
"0.0632","Oh na na"
"0.261","Oh Nanana - Remix"
"0.261","Oh Nanana Challenge"
"0.147","Oh No"
"0.272","Oh No"
"0.0269","oh no, oh no, oh no no no"
"0.101","Oh Owa Abu Salsa"
"0.226","OI OI OI Bakugou"
"0.416","ok boomer (feat. Jed Will)"
"0.0649","OK Not To Be OK"
"0.083","OKAY (feat. Vory)"
"0.0451","Oks Lang"
"0.105","Old Thing Back (feat. Ja Rule and Ralph Tresvant)"
"0.129","Old Town Road"
"0.029","Oldest Teenager"
"0.0538","Omae Wa Mou - Tiny Little Adiantum Remix"
"0.0613","Omae Wa Mou!"
"0.0569","OMG"
"0.0906","On A Roll"
"0.407","On Cam (feat. Moneybagg Yo)"
"0.392","On Me"
"0.0409","On My Mind"
"0.0487","On My Way"
"0.231","On My Way"
"0.0347","On My Way Home"
"0.0463","On ne s'aimera plus jamais"
"0.327","On Sight"
"0.0867","On the Way"
"0.28","On The Way (feat. Mila J)"
"0.0536","One Dance"
"0.055","One Margarita - Female Version"
"0.362","One More Dance."
"0.0314","One More Night"
"0.0372","One Time"
"0.11","One Two"
"0.28","One Wish"
"0.0569","Only U"
"0.413","ONLYFANS"
"0.0863","OOOWWWEEE"
"0.0446","Oops (Baby I Love You)"
"0.0483","Oops (feat. Charlie Puth)"
"0.0812","oops!"
"0.213","Opaul"
"0.0277","Ophelia"
"0.117","Opp Stoppa"
"0.454","Options"
"0.233","Options (feat. Stephen Marley)"
"0.04","Options (feat. Stephen Marley) - DJ Noodles Remix"
"0.235","ORANGE SODA"
"0.0964","oui"
"0.0339","Out Of Love"
"0.045","Out Of Love (feat. Internet Money)"
"0.14","Out of My System"
"0.0428","Out of Service"
"0.107","OUT out"
"0.237","Out the Frame"
"0.225","OUT WEST (feat. Young Thug)"
"0.0508","OUTCAST"
"0.0818","OUTLAW"
"0.157","Outnumbered"
"0.598","Outside"
"0.0394","Outside (feat. Ellie Goulding)"
"0.0453","Outta My Head"
"0.0543","Outta Time"
"0.0818","Over"
"0.112","Over and Out (feat. Charlott Boss)"
"0.0963","Overdose"
"0.249","Pablo & Blanco"
"0.0576","Pablo Pablo - Oriental Remix"
"0.259","Pac-Man"
"0.0455","Pacar Selingan - Nofin Asia Music Cover"
"0.193","Pacific"
"0.0865","Pag Tumingin Ka Akin Ka"
"0.0253","Pagtingin"
"0.04","Pain"
"0.123","Pajama Party"
"0.125","Pajama Party Tok"
"0.144","Pakinabang"
"0.0273","Paligoy-ligoy"
"0.0653","Palo"
"0.0757","PAM"
"0.14","Pamparampampa tiktok (Pajama party)"
"0.0519","Panaginip Lang"
"0.0392","Panalangin"
"0.128","Panalo - Pacquiao Version"
"0.403","Panalo (Trap Cariñosa)"
"0.0528","Pangako"
"0.073","Pangga"
"0.0925","Panic Attack"
"0.0736","Panic Room"
"0.0752","Panini"
"0.0318","Paniwalaan"
"0.134","Panthere"
"0.187","Papa"
"0.0917","Paparazzi"
"0.0505","Paparazzi"
"0.108","Papi Chulo"
"0.103","Papi Chulo Slowed - Remix"
"0.0468","Paradise"
"0.0401","Paradise (feat. Dermot Kennedy)"
"0.298","Parari Tecno"
"0.229","Parce (feat. Justin Quiles)"
"0.046","Pareja Del Año"
"0.0447","parents"
"0.258","Parokyana"
"0.32","Parokyana Beatbox"
"0.291","Partition"
"0.0622","Party Girl"
"0.0784","Party Girl"
"0.267","Party Girl - VIZE Remix"
"0.204","Party Girl (Remix)"
"0.042","Party In The U.S.A."
"0.0475","Party Legends"
"0.186","Party With The 6ixers"
"0.031","Pasensya Ka Na"
"0.0434","Pasipsip Naman (feat. Eman & Third Flo')"
"0.0396","Passionfruit"
"0.0353","Past Lives"
"0.0534","Patek"
"0.287","Paty Trem Barbie"
"0.0354","Paubaya"
"0.0464","Pauwi Nako"
"0.224","Payphone"
"0.0414","Payphone"
"0.451","Peace and Love on the Planet Earth (feat. Zach Callison, Estelle, Deedee Magno Hall, Michaela Dietz & Shelby Rabara)"
"0.147","Peaches"
"0.0429","Peaches (Dance Version)"
"0.119","Peaches (feat. Daniel Caesar & Giveon)"
"0.222","Peekaboo (I Just Snapped)"
"0.271","Pegao / Me Miro y La Mire (TikTok Hit)"
"0.187","Pekeng Kaibigan"
"0.295","People I Don't Like"
"0.0387","Percuma Bilang Sayang"
"0.22","Perfect (feat. City Girls)"
"0.0343","Perlahan"
"0.332","Perra"
"0.135","Perreo Pesau'"
"0.12","Personal"
"0.215","Persuasion"
"0.0746","Peru"
"0.228","Pew Pew Pew"
"0.082","Philosophical"
"0.0739","Phonk House Demo"
"0.0819","Photo ID"
"0.118","Pia"
"0.119","PICK IT UP (feat. A$AP Rocky)"
"0.352","Pick Up"
"0.225","Pickles on my Big Mac"
"0.332","Picture I Paint"
"0.0484","Pierre"
"0.11","Pilfingerdansen - Norsk Versjon"
"0.0777","Pilfingerdansen - Remix"
"0.182","Pills & Automobiles (feat. Yo Gotti, A Boogie Wit Da Hoodie & Kodak Black)"
"0.329","Pinagpalit"
"0.0409","Pinay Na Sobrang Fine"
"0.0345","Piso 6"
"0.509","Pistol"
"0.0381","Pitbull Terrier"
"0.0371","Pitong Gatang"
"0.21","PJ"
"0.331","Plastic"
"0.0475","Play Date"
"0.0607","Play Date"
"0.0438","Play for Me Kaweni Merry"
"0.139","Play With Me"
"0.0311","Please Don't Go"
"0.223","Please Don't Waste My Time"
"0.0358","Pleasure"
"0.143","Plug Walk"
"0.499","Plutão"
"0.0307","Pluto Projector"
"0.118","Poblado"
"0.0514","Pockets (feat. EVAN GIIA)"
"0.237","Poison"
"0.0371","Poison"
"0.221","Poke It Out (with Nicki Minaj)"
"0.031","Pokemon Aki Aki"
"0.0787","Poker Face"
"0.132","Polkka"
"0.195","Ponle"
"0.07","Ponteme Despalda"
"0.0744","Pop Style - Jack Daily Remix"
"0.117","POPSTAR"
"0.261","POPSTAR (feat. Drake)"
"0.201","Por Cima Tu Ta de Mais - Mtg 2020"
"0.0878","positions"
"0.0864","positions"
"0.122","Post Malone (feat. RANI)"
"0.0432","Post to Be (feat. Chris Brown & Jhene Aiko)"
"0.0921","Potential"
"0.0385","Potential Breakup Song"
"0.039","Potential Breakup Song"
"0.0419","Pour It Up"
"0.0728","Pour the Milk"
"0.0555","pov"
"0.0756","Poverty"
"0.435","Pow"
"0.0478","Powerful (feat. Ellie Goulding & Tarrus Riley)"
"0.0925","ppcocaine - Slowed"
"0.349","PRACTICE"
"0.0773","Prende la Compu y Pone la Música Famosa por Su Bum Bum"
"0.284","Pressure"
"0.33","Pressure"
"0.146","PRESTO!"
"0.238","Preta do Cabelo Cacheado"
"0.0494","Pretend"
"0.0629","Pretty Boy Swag"
"0.321","Pretty Face"
"0.0415","Pretty Girl"
"0.0291","Pretty Girl - Cheat Codes X CADE Remix"
"0.0307","Pretty Girl (Tik Tok Dance Challenge) [EDM Remix]"
"0.102","Pretty Lil Thing"
"0.229","Priceless"
"0.0669","Primadonna (with Marc E. Bassy & Skizzy Mars)"
"0.0987","PROBLEMA"
"0.0554","Problemas"
"0.0432","Problems"
"0.0491","Promiscuous"
"0.0506","Promiscuous"
"0.0459","Promiscuous"
"0.04","Promiscuous Motive"
"0.0685","Promiscuous motive tiktok"
"0.122","Promise"
"0.0646","Promise (feat. Fetty Wap)"
"0.228","Prrrum"
"0.286","Prrrum - Remix"
"0.293","Prrrum - Remix 2"
"0.233","Prrum - Remix"
"0.0788","Pruuum (Tommy Driker)"
"0.0383","Psycho!"
"0.163","Psycho! - Topic & B-Case Remix"
"0.0512","Psycho! (Remix) (feat. Trippie Redd)"
"0.176","Psychopath"
"0.475","Ptpom"
"0.0717","Puhon"
"0.0705","Pull Up"
"0.0351","Pull up on Me"
"0.0507","Pum Chulita Sexy (Una Loca en el Tubo)"
"0.0865","Pum Pum"
"0.0471","Pump"
"0.181","Pump It"
"0.339","Pump It Harder"
"0.0715","Pump It Up"
"0.258","Pump It Up"
"0.0292","Pumped Up Kicks"
"0.043","Pumped Up Kicks"
"0.352","Punk Monk"
"0.0491","Purple (feat. Polo G & Deno)"
"0.0488","Purple Reign"
"0.0294","Pursuing the Promise"
"0.0363","Push It Right"
"0.0808","Push the Feeling On"
"0.0582","Pusing Pala Barbie - Akimilaku Remix"
"0.191","Pussy Talk"
"0.195","Put It Down (feat. Chris Brown)"
"0.0307","Put Your Head On My Shoulder"
"0.0538","Put Your Records On"
"0.0362","Put Your Records On"
"0.0433","Put Your Records on - Female Version"
"0.0334","Pwede Ba - Cover Version"
"0.222","Pyp"
"0.0816","PYRO - Extended Mix"
"0.0675","Quarantini"
"0.0713","Que Calor (feat. J Balvin & El Alfa)"
"0.0805","Qué Chimba"
"0.252","Que Me Deje Coja Si No Next"
"0.0634","Que Me Lo Ponga Pa Tra Tra (Reggaeton)"
"0.201","Que Saudade de Você"
"0.292","Queen Tings"
"0.237","Questions"
"0.404","Race With Time"
"0.0752","Rags2Riches"
"0.11","Rags2Riches (feat. ATR Son Son)"
"0.241","Rags2Riches 2 (feat. Lil Baby)"
"0.0397","Rain On Me (with Ariana Grande)"
"0.344","Rake It Up (feat. Nicki Minaj)"
"0.126","Ram"
"0.0777","Ram Pam Pam"
"0.0395","Ramenez la coupe à la maison"
"0.293","Ranada"
"0.287","Ransom"
"0.289","Ransom (with Juice WRLD) - Remix"
"0.242","RAPSTAR"
"0.0303","Rasa Sayange"
"0.0455","Rasputin"
"0.036","Rasputin"
"0.113","Rasputin"
"0.0502","Rasputin - Club Mix"
"0.0501","Rasputin - Club Mix"
"0.048","Rasputin - Single Version"
"0.0981","Rather Be"
"0.0493","Rave Love"
"0.262","Rawstarr 'Til I Die"
"0.368","Razor Blade Flow"
"0.0509","Ready or Not"
"0.0779","Ready Pa La Accion"
"0.0438","Really Love (feat. Craig David & Digital Farm Animals)"
"0.0595","Reason"
"0.339","Reasons"
"0.129","Rebel"
"0.0649","Rebola Lentinho"
"0.037","Reborn"
"0.121","Recap (with VanJess & Channel Tres)"
"0.0325","Rechazame"
"0.077","Red Head"
"0.449","Red Nose"
"0.129","Red Rover"
"0.364","Redbones (Stay Woke!!)"
"0.0991","REEL IT IN"
"0.0789","REEL IT IN (feat. Gucci Mane) - Remix"
"0.264","Regina George"
"0.436","Relacion - Female Version"
"0.0959","Relación - Remix"
"0.0393","Relapse"
"0.0627","Relationship (feat. Future)"
"0.209","Reloj"
"0.0966","Remain the same"
"0.0305","Remember That Night?"
"0.108","Reminder"
"0.085","Renai Circulation (English Cover) [TV Size]"
"0.0615","Rendezvous"
"0.0548","Renee"
"0.0429","Renegade (Slowed + Reverb)"
"0.0905","Renegades"
"0.356","Renk Renk - Olha o Barulinho da Cama"
"0.0708","Replay"
"0.108","REVEAL"
"0.0863","Revolution"
"0.434","Rey Mysterio"
"0.391","ReYup (feat. Spodee)"
"0.0302","Rhinestone Eyes"
"0.091","Ribs"
"0.206","Ric Flair Drip (& Metro Boomin)"
"0.0873","Rich Bitch"
"0.0873","Rich Boy Trap"
"0.182","RICK BOOTS"
"0.0874","Ride It"
"0.206","Ride Or Die - From Queen & Slim: The Soundtrack"
"0.0478","Ride Wit Me"
"0.0463","Right My Wrongs"
"0.0577","Right On Time - Douth! Remix"
"0.215","Risk - Main"
"0.0643","Ritmo Envolvente"
"0.0687","River"
"0.856","RNP (feat. Anderson .Paak)"
"0.491","Robotics"
"0.0858","Rock"
"0.279","Rock Out"
"0.141","Rock Your Body"
"0.0892","Rockabye Slowed - Remix"
"0.0606","Rockefeller Street (New Nightcore) [#Rockefellerstreet Remix]"
"0.301","Rocket"
"0.0604","Rockstar"
"0.0712","rockstar (feat. 21 Savage)"
"0.164","ROCKSTAR (feat. Roddy Ricch)"
"0.571","Rockstar Shit"
"0.0324","Rodeo"
"0.542","Roll The Dice (The Dice Beat) (feat. Ricky Desktop)"
"0.328","ROLLIN N CONTROLLIN FREESTYLE"
"0.388","Romantic (feat. Toosii)"
"0.0858","Ronaldo"
"0.125","Ropa Cara"
"0.374","Roscoes"
"0.0382","Roses"
"0.0653","Roses"
"0.0495","Roses - Imanbek Remix"
"0.0506","Roses - Imanbek Remix"
"0.0703","Roses - Imanbek Remix [Latino Gang]"
"0.164","Roses (with Juice WRLD feat. Brendon Urie)"
"0.0355","Round & Round"
"0.0768","Round of Applause"
"0.0687","Roundabout - 2003 Remaster"
"0.206","Rover (feat. DTG)"
"0.148","ROXANNE"
"0.108","ROXANNE - Remix"
"0.207","roxanne (slowed + reverb) - Slowed"
"0.229","Rude"
"0.127","Rude Boy"
"0.0734","Rueda - Remix"
"0.067","Rules"
"0.116","Rules"
"0.0934","Rumput tetangga"
"0.0345","Run Free"
"0.129","Run It! (feat. Juelz Santana)"
"0.0322","Run To You"
"0.0356","Runaway"
"0.045","Runaway"
"0.109","Runaway"
"0.0909","Running Back To You"
"0.0592","Running In My Head"
"0.0312","Rush"
"0.0343","Sa'yo"
"0.0336","Sa Mata Makikita"
"0.0403","Sa Mau Koi Ko Mau Dia"
"0.0305","Sa Ngalan Ng Pag-Ibig"
"0.12","Sa Susunod Na Lang"
"0.111","Sabayan Ang Init"
"0.0501","Sabi Ko Na Barbie"
"0.0288","Sacrifice"
"0.107","SAD"
"0.054","SAD - Imanbek xxx Remix"
"0.241","sadder badder cooler"
"0.0316","Safe And Sound"
"0.101","Safety Dance"
"0.0415","Sahara"
"0.0684","Sahara - Remix"
"0.353","Said Sum"
"0.334","Said Sum (feat. City Girls & DaBaby) - Remix"
"0.342","Sailor Moon"
"0.0488","Sakin Ka Na Lang"
"0.0361","Sakit Pinggang"
"0.0572","Sakura Kiss"
"0.127","Sal y Perrea"
"0.0457","Salah Apa Aku - Nofin Asia Music Cover"
"0.0427","Salah Apa Aku - Slow Mix"
"0.105","Sama-Sama"
"0.119","Samba de Janeiro - Radio Edit"
"0.213","San Andreas Theme Song"
"0.029","Sana"
"0.0807","Sandali"
"0.0391","sandpaper_b"
"0.115","Sandwich"
"0.0714","Sarra na Glock do Pai"
"0.541","Sarra Nela Com Fuzil na Bandolera"
"0.324","Sarra Nela Com Fuzil Na Bandolera"
"0.035","Sasakyan Kita"
"0.0284","Sasamahan Kita (Araw-Araw Ng Puso) [Part 2]"
"0.428","Sasuke"
"0.135","Satisfaction"
"0.0482","Satisfy"
"0.11","Satisfya"
"0.0357","Satu Hati Sampai Mati"
"0.0283","Sauce"
"0.352","Savage"
"0.334","Savage"
"0.223","Savage"
"0.097","Savage Love"
"0.192","Savage Love (Female)"
"0.0688","Savage Love (Laxed - Siren Beat)"
"0.0803","Savage Love (Laxed - Siren Beat)"
"0.0868","Savage Love (Laxed – Siren Beat) [BTS Remix]"
"0.28","Savage Remix (feat. Beyoncé)"
"0.0587","Save Me"
"0.0274","Save Your Tears"
"0.277","Savesta (Fli Fla Flo)"
"0.0536","Say a Little Prayer (feat. Gia Koka)"
"0.115","Say I Yi Yi"
"0.261","Say It Right"
"0.0345","Say Meow Meow - 歌曲《學貓叫》英文版"
"0.0647","Say My Name"
"0.122","Say So"
"0.158","Say So"
"0.0369","Say So"
"0.0443","Say So - Japanese Version"
"0.0371","Say So (EDM Remix) [TikTok Dance]"
"0.0375","Say So (EDM Remix) [TikTok Dance] [feat. Remix Kingz]"
"0.369","Say So (feat. Boosie)"
"0.204","Say So (feat. Nicki Minaj)"
"0.144","Say So (feat. Nicki Minaj) - Original Version"
"0.0488","Sayang 2 - Remix"
"0.0378","Sayang Jang Marah Marah (Remix)"
"0.194","Sayaw Kikay"
"0.1","Sayaw Mga Choy (Math Dance Challenge)"
"0.0377","Sayo Natuto"
"0.0398","Sayur Kol"
"0.0726","scared"
"0.0949","Scarred Hearts at War"
"0.227","Scary Garry"
"0.0764","School Girl"
"0.236","Scooby Doo Pa Pa"
"0.0796","Scream"
"0.109","Se Acabó la Cuarentena"
"0.0954","Se Acabó La Cuarentena - Remix"
"0.0664","Se Te Nota (with Guaynaa)"
"0.0694","seaside_demo"
"0.0373","Secrets"
"0.0815","See You Again (feat. Charlie Puth)"
"0.0959","See You Again (feat. Kali Uchis)"
"0.0324","Seen This All Before"
"0.0355","Selamat Tahun Baru"
"0.0261","Selfie Song"
"0.0279","Selfish"
"0.0703","Selfish (Slowed Down)"
"0.0362","Selow - DJ OPUS REMIX"
"0.029","Semua Berlalu"
"0.0642","Send Me on My Way"
"0.0624","Sendiri"
"0.0317","Senorita"
"0.133","Sensitive"
"0.188","Sentadinha"
"0.0618","Seu Ex Tá Nervoso Demais (feat. Mc shek) - Brega Funk"
"0.0666","Seven Nation Army"
"0.0871","Seven Nation Army"
"0.0309","Seventeen"
"0.0466","sex"
"0.0594","sex money feelings die - slowed version"
"0.054","Sex on Fire"
"0.398","Sex Talk"
"0.0446","Sexbomb"
"0.0527","Sexing Maliit"
"0.138","Sexy"
"0.325","Sexy Can I feat. Yung Berg"
"0.0602","SexyBack"
"0.0789","SexyBack (feat. Timbaland)"
"0.0367","shadows"
"0.0533","Shady Love"
"0.275","Shake Dat (Come Here Girl)"
"0.264","Shake Dat (feat. Lil Jay)"
"0.0798","Shake It"
"0.123","Shake That Laffy Taffy Girl Break Your Back Drop It Girl"
"0.278","Shake the Bank"
"0.197","Shantidope"
"0.207","Shawty Wassup"
"0.158","She's So Nice"
"0.907","She Belongs to the Streets (Toxic)"
"0.0394","She Gon Go"
"0.0375","She Gon Go"
"0.0519","She Gon Go"
"0.479","She Make It Clap"
"0.494","She Make It Clap"
"0.17","She Make It Clap (Dance Version)"
"0.0362","She Will Be Loved"
"0.328","Shhh (Pew Pew)"
"0.117","Shhh (Pew Pew) - Slowed + Reverb"
"0.0611","Shimmy!"
"0.082","Shine On - Bluckther Remix"
"0.458","Shining (feat. 42 Dugg)"
"0.0389","Shoot-Shoot"
"0.093","Shoot A Man"
"0.196","Shoota (feat. Lil Uzi Vert)"
"0.0432","Shooting Stars"
"0.0445","Shooting Stars"
"0.032","Shop"
"0.328","Shotta Flow 5"
"0.0612","Show Me Up"
"0.159","Show Me You Care - Gordon & Doyle Remix"
"0.0487","Shower"
"0.246","Shut Up"
"0.0358","Shut Up And Drive"
"0.119","Si Me Dices Que Sí (feat. Camilo) - R3HAB Remix"
"0.0572","Si Me Tomo Una Cerveza"
"0.299","Si Se Da - Remix"
"0.0395","Sicario"
"0.0491","Sick and Tired"
"0.0554","Sick of You"
"0.0517","Signs of Gemini"
"0.1","Sigue Bailandome"
"0.0316","Sigurado"
"0.13","Silence"
"0.0856","Silver Skies"
"0.0409","Simpleng Tao"
"0.0671","Simpleng Tao - From James and Pat and Dave"
"0.457","Sin City"
"0.267","Sin City - Remix"
"0.297","Sin City - Slowed"
"0.0553","Sinabmarin"
"0.0693","Sing Biso"
"0.041","Sing For Me (with Mary N'diaye)"
"0.296","Single Ladies (Put a Ring on It)"
"0.0316","Sinta"
"0.594","SIX'FO"
"0.0836","Skechers"
"0.0877","Skechers"
"0.143","Skechers (feat. Tyga) - Remix"
"0.287","Skeletons In My Closet"
"0.0345","Skiri Lekong"
"0.21","Sky"
"0.348","Sleep"
"0.273","Sleepwalker"
"0.387","Slide"
"0.244","Slide (Remix) (feat. Pop Smoke, A Boogie Wit da Hoodie & Chris Brown)"
"0.0261","SLOW DANCING IN THE DARK"
"0.0341","Slow Down"
"0.0388","Slow Motion"
"0.0795","Slumber Party (feat. Princess Nokia)"
"0.249","Small Worlds"
"0.0426","Smells Blood"
"0.0646","Smells Like Teen Spirit"
"0.032","Smells Like Teen Spirit"
"0.054","Smile"
"0.0259","Smile"
"0.138","Snake"
"0.457","Snap Em Up"
"0.513","Sneaky Link"
"0.247","Snitch - Slowed"
"0.181","So Fly"
"0.24","So Pretty"
"0.31","So Sick"
"0.148","Soap"
"0.077","Social Media (Damn)"
"0.039","Sofia"
"0.0489","Sofia the First Main Title Theme - From Sofia the First"
"0.228","SoFtly / Killing Me Softly With His Song - TikTok Remix"
"0.208","Solar System"
"0.0291","Solo"
"0.0397","Some Say - Felix Jaehn Remix"
"0.052","Somebody's Watching Me"
"0.0368","Somebody Else"
"0.0525","Somebody that I Used to Know"
"0.0367","Somebody That I Used To Know"
"0.3","Somebody To Love"
"0.0497","Somebody To Love"
"0.0283","Somebody To Love Remix"
"0.0358","Somebody To You"
"0.0722","Someone Else"
"0.0455","Someone To You"
"0.042","Someone To You"
"0.0287","Someone You Loved"
"0.0319","Someone You Loved"
"0.0387","Someone You Loved - Lambada Francesa"
"0.0295","Someone You Loved (Female)"
"0.045","Someone You Loved (Remix)"
"0.0445","Someone You Loved (Remix) [feat. Remix Kingz]"
"0.0317","Something Just Like This"
"0.189","Something New"
"0.0809","Something New (feat. Ty Dolla $ign)"
"0.0338","Something Special"
"0.035","Something to Lose"
"0.388","Something To Prove"
"0.0821","sometimes i don't wanna be happy"
"0.0715","SOS"
"0.23","Sound Good"
"0.0623","Sour Candy (with BLACKPINK)"
"0.203","Space"
"0.0645","Space Cadet (feat. Gunna)"
"0.0306","space girl"
"0.0306","Space Girl"
"0.0293","Space Song"
"0.0281","Sparks"
"0.0678","Spaz"
"0.0562","Speak to Me"
"0.112","Speechless"
"0.0746","Speechless - Stripped Version"
"0.0266","Spirits"
"0.0265","Spirits"
"0.438","Splash"
"0.0478","Spongebob Gagak"
"0.0461","Spooky, Scary Skeletons"
"0.0619","Spooky, Scary Skeletons - Undead Tombstone Remix"
"0.178","Squat"
"0.235","Staccin Up"
"0.133","Stacked Up"
"0.0566","Stand by Me"
"0.0872","Stargazer"
"0.0922","State of Mind"
"0.0622","Stay"
"0.0561","Stay Awake"
"0.173","Stay High (Habits)"
"0.241","Stay In My Arms"
"0.0436","Stayin' Alive"
"0.225","Step By Step"
"0.0976","Stereo Hearts (feat. Adam Levine)"
"0.041","Steven Universe"
"0.0703","Steven Universe"
"0.117","Still Don't Know My Name"
"0.0676","Stitches"
"0.175","Stole it"
"0.291","Straight Drop"
"0.0605","Stranger"
"0.0351","Streetlights"
"0.0828","Streets"
"0.642","Stressed Out"
"0.0545","Strip That Down"
"0.0357","Stronger"
"0.0458","Stuck In My Head"
"0.0448","Stuck in the Middle"
"0.0466","Stuck In The Middle"
"0.0418","Stuck with U (with Justin Bieber)"
"0.0746","Stunnin'"
"0.0627","Stunnin' (feat. Harm Franklin)"
"0.125","Stunt N' Dozier Mix 2"
"0.114","STUPID (feat. Yung Baby Tate)"
"0.0479","Stupid Love"
"0.0447","Stupid Love (EDM Remix) [TikTok Challenge]"
"0.0446","Stupid Love (feat. Remix Kingz)"
"0.0742","Stupid Love performed by Salbakutah"
"0.151","Subete"
"0.0787","Substance"
"0.0397","successful"
"0.0357","Such a Whore (Baddest Version)"
"0.0448","Such a Whore (Stellular Remix)"
"0.0448","Such a Whore (Stellular Version)"
"0.268","Suga Suga"
"0.0638","SUGAR"
"0.0381","SUGAR (Remix) [feat. Dua Lipa]"
"0.07","Sugar Daddy"
"0.124","SugarCrash!"
"0.097","SugarCrash!"
"0.107","SugarCrash! - Female Version"
"0.237","SugarCrash! (Female Dance Remix)"
"0.426","Suge"
"0.0688","Suicidal"
"0.0872","Suicidal (Remix) [feat. Juice WRLD]"
"0.219","Suit & Tie (feat. Jay-Z)"
"0.091","Sulyap"
"0.0621","Sumayaw Ka"
"0.117","Sumayaw Sumunod"
"0.182","Summer Jam - Alle Farben Remix"
"0.0665","Summer Nights"
"0.0303","summertime"
"0.0302","summertime"
"0.0382","Summertime Sadness"
"0.133","Sun Come Up"
"0.255","Sun Is Shining"
"0.382","Sunday"
"0.0578","Sunday Best"
"0.0375","Sunday Best"
"0.0232","Sundo"
"0.274","Sundress"
"0.0756","Sungguh Ku Merasa Resah"
"0.135","Sungguh Ku Merasa Resah - Nofin Asia Music Cover"
"0.104","sunshine"
"0.0534","Supalonely"
"0.0758","Supalonely"
"0.0589","Supalonely"
"0.0531","Super Freak"
"0.0318","Superman"
"0.0439","Supermassive Black Hole"
"0.203","Superstar"
"0.0507","SUPERSTAR"
"0.1","Sure Thing"
"0.0345","Surrender"
"0.0276","Surrender"
"0.0313","Surrender - Martin Jensen Remix"
"0.0532","Sway With Me (slowed)"
"0.0405","SWEAT"
"0.0336","Sweater Weather"
"0.0424","sweater weather - lofi remix"
"0.0476","Sweet but Psycho"
"0.0279","Sweet Child O' Mine"
"0.111","Sweet Dreams"
"0.0506","Sweet Dreams"
"0.143","Sweet Dreams (Are Made of This)"
"0.0428","Sweet Mistake"
"0.303","Swervin (feat. 6ix9ine)"
"0.0401","Swing Lynn"
"0.0449","Swish Swish"
"0.421","Switch It Up"
"0.0428","Symphony (feat. Zara Larsson)"
"0.122","Syncopate (Do It for Me)"
"0.322","T-Shirt"
"0.0288","T.L. Ako Sa'yo"
"0.0441","T.S.O.F.H (The Story of Frankie's House)"
"0.154","Taco Tuesday"
"0.0369","Tadhana"
"0.0604","Tadow"
"0.0345","Tagpuan"
"0.0561","Tahong Ni Carla (Budots Bombtek)"
"0.0414","Tahong Ni Karla"
"0.0791","Tainted Love"
"0.0352","Take A Chance"
"0.1","Take A Slice"
"0.271","Take A Step Back"
"0.391","Take It All"
"0.047","Take Me Away - Klaas Remix"
"0.05","Take Me For a Ride"
"0.0894","Take My Hand"
"0.0593","Take My Time"
"0.325","Take Out"
"0.1","Take You Dancing - R3HAB Remix"
"0.081","Take You Down"
"0.0696","Take You There"
"0.108","Take Your Man"
"0.0497","Tala"
"0.349","Talk N Bout (Talm Bout) [feat. Lil Jay]"
"0.0654","Talk To Me"
"0.139","Talk Tough"
"0.282","Talkin' Bout (feat. Saweetie)"
"0.0301","Talking to the Moon"
"0.058","Tambah Lagi"
"0.0804","Tamo Loco To"
"0.487","Tampa"
"0.184","Tampa Curhat Beat / Baila - Tik Tok Remix"
"0.127","Tampo"
"0.0411","Tante Culik Aku Dong"
"0.069","Tao Lang"
"0.204","Tap In"
"0.137","Tap In"
"0.0465","Tari Ubur Ubur"
"0.443","Tasty Carrots"
"0.3","Tatted Up (feat. Fabo)"
"0.0331","Tayo Na Lang Dalawa"
"0.0592","Te Quiero - TikTok Remix"
"0.117","Te Vi"
"0.141","Teach Me How to Dougie"
"0.212","Teach Me How to Dougie - Instrumental Version"
"0.056","Teenage Dirtbag"
"0.0392","Teeth"
"0.0324","Teka Lang"
"0.111","Teka Muna"
"0.0817","Telepatia"
"0.0502","telepatía"
"0.146","Telepatia (Dance Remix)"
"0.226","Tell Em"
"0.3","TELL EM"
"0.0614","Tell Me"
"0.0441","Tell Me U Luv Me"
"0.165","Temperature"
"0.118","TEN FOLD"
"0.0621","Terdiam Sepi - Remix"
"0.0406","That's What I Like"
"0.0403","That Way"
"0.0388","That Way - Bonus Track"
"0.0475","The Adults Are Talking"
"0.0457","The Antidote (Chopped Not Slopped)"
"0.0567","The Banjo Beat, Pt. 1"
"0.0608","The Beach"
"0.0384","The Bender (with Brando)"
"0.0532","The Boat Beat"
"0.202","The Bottle Beat"
"0.0559","The Box"
"0.0481","The Box - Female Version"
"0.232","The Business"
"0.103","The Business - Female Version"
"0.0971","The Business, Pt. II"
"0.623","The Chicken Wing Beat"
"0.0692","The Dance Song"
"0.567","The Dice Beat Pt. 1"
"0.322","The Drip"
"0.526","The Ending"
"0.0786","The Evil Folk"
"0.0333","The Get-Go"
"0.109","The Git Up"
"0.181","The Greatest"
"0.0313","The Karen Song"
"0.0284","The Less I Know The Better"
"0.0288","The Less I Know the Sexy Back"
"0.194","The Loser"
"0.146","The Love"
"0.0264","The Man Who Can't Be Moved"
"0.0479","The Man You Needed"
"0.212","The Monster"
"0.667","The Mop"
"0.038","The Night We Met"
"0.136","The Night We Met"
"0.0355","The One That Got Away"
"0.0543","The Outset"
"0.137","The Passenger (LaLaLa) [feat. MOKABY]"
"0.358","The Race - Remix"
"0.0572","The Real Slim Shady"
"0.029","The Reason"
"0.0993","the remedy for a broken heart (why am I so in love)"
"0.0243","The Scientist"
"0.0514","THE SCOTTS"
"0.297","The Search"
"0.166","The Spanish Cha Cha"
"0.0383","The Spectre"
"0.0377","The Spins"
"0.0584","The Style Weekend - Remix"
"0.0343","The Sweet Escape"
"0.339","The Take (feat. Chris Brown)"
"0.1","The Way I Are"
"0.0585","The Weekend - Funk Wav Remix"
"0.214","The Woo"
"0.0384","the WORLD"
"0.274","The Zebbiaanaa"
"0.498","Then Leave"
"0.476","Then Leave (feat. Queendom Come)"
"0.0633","There for You"
"0.0697","Therefore I Am"
"0.0722","They Call Me Tiago (Her Name Is Margo)"
"0.0736","They Call Me Tiago (Her Name Is Margo)"
"0.0705","They Call Me Tiago (I Dont Know Who's Margo) [TikTok Dance]"
"0.265","They Say"
"0.372","THICK"
"0.435","THICK (feat. Megan Thee Stallion) - Remix"
"0.16","Thicker Than a Snicker"
"0.0443","This City"
"0.134","This Could Be Us"
"0.314","This Is For Rachel For Acting Up"
"0.0355","this is how you fall in love"
"0.0406","This Isn't Love"
"0.0295","This Side of Paradise"
"0.115","This Year"
"0.23","THOT!"
"0.293","Thrift Shop (feat. Wanz)"
"0.147","Throat Baby (Go Baby)"
"0.287","Throat Baby (Go Baby) (with DaBaby & City Girls) - Remix"
"0.324","Throat Baby (Go Baby) (with DaBaby & City Girls) - Remix"
"0.316","Through The Storm"
"0.329","Throw Dat"
"0.579","Throw That Back Like a Cadillac"
"0.548","Throw That Smile This Way"
"0.199","Thug Cry"
"0.058","Thunder"
"0.304","Ti Amo (LIZOT Remix)"
"0.0393","Tiap Malam Butuh Kasih Sayang"
"0.0515","Tiban Tititi Tiban"
"0.3","Tic Tac"
"0.226","Tic Tac"
"0.0487","Tick Tock (feat. 24kGoldn) - Sam Feldt Remix"
"0.0644","Tie Me Down (with Elley Duhé)"
"0.066","Tie Me Down (with Elley Duhé) - Steve Aoki Remix"
"0.0689","Tik Tik Tok (Rhythm of the Clock) - Original Mix"
"0.0477","Tik Tok - Klaas Remix"
"0.0407","Tiktok Goyang Lemes"
"0.307","TikTok Shawty"
"0.126","TikTokin'"
"0.0981","Timber (feat. Ke$ha)"
"0.0633","Time"
"0.114","Time 2 Shine"
"0.0328","Time After Time"
"0.224","Time Flies"
"0.0583","Time of Our Lives"
"0.0749","Tinotoyo"
"0.061","Tipo Gin - Ao Vivo"
"0.0643","Tipo Surfista"
"0.0379","Titans (feat. Sia & Labrinth) - Imanbek Remix"
"0.28","Titig"
"0.184","TIYN"
"0.467","TKN (feat. Travis Scott)"
"0.0418","To Be So Lonely"
"0.0399","To Build a Home - Slowed"
"0.0669","To Find You"
"0.103","To France - Steve Modana Remix"
"0.342","Toast to the Life"
"0.06","Toco Toco To"
"0.0353","Todo De Ti"
"0.366","TOES (feat. Lil Baby & Moneybagg Yo)"
"0.341","TOES (feat. Lil Baby & Moneybagg Yo)"
"0.0319","Togenkyo To Taxi"
"0.0339","Tokyo"
"0.0461","Tokyo Drift"
"0.372","Tokyo Ghoul"
"0.0439","Tongue Tied"
"0.061","Tonight Tonight"
"0.0437","Tonight You Belong To Me"
"0.238","TOO COLD - Future Funk Mix"
"0.0432","Too Good At Goodbyes"
"0.29","Took Her To The O"
"0.197","Toosie Slide"
"0.201","Toosie Slide"
"0.209","Toosie Slide"
"0.351","Top Down"
"0.0386","Topmodel"
"0.0461","Torang Pasukan Damai Batuda'a"
"0.0269","Torete"
"0.0304","Toss A Coin To Your Witcher"
"0.0978","Touch"
"0.033","Touch By Touch - Touch Maxi Mix"
"0.275","Touch Down 2 Cause Hell"
"0.37","Touch It"
"0.0612","Touch It (Gun Boosted)"
"0.112","Touché"
"0.442","Toxic"
"0.421","Toxic Ends"
"0.0678","Toy"
"0.116","Toy Buenisimo"
"0.0634","Tra Tra"
"0.324","Track Star"
"0.126","Track Star (Dance Remix)"
"0.0493","Traffic Jam"
"0.0661","Train"
"0.0365","Train Wreck"
"0.437","Trajado de Glock Ela Joga na Cara"
"0.254","Trakatá"
"0.0558","Trap All Day"
"0.175","Trap Anthem"
"0.202","Trap Pea"
"0.128","Trap Queen"
"0.0784","Travesuras"
"0.0842","Travesuras"
"0.0366","Trigger"
"0.144","Trip"
"0.0304","Trip Lang"
"0.281","Triple S"
"0.154","Trust"
"0.114","Truth Hurts"
"0.116","Try Your Luck"
"0.0645","Trying My Best"
"0.267","TTB"
"0.0389","Tuhan Su Atur (Remix)"
"0.0846","Turn Up"
"0.282","Tusa"
"0.0315","Tutulungan Kita"
"0.0446","TV Show"
"0.044","TWENTYMYLOVE"
"0.286","Twerk for Me"
"0.245","Twerk for Me Tik - Remix"
"0.0627","Twerkoholic"
"0.695","Twin Nem"
"0.233","Twisted"
"0.272","TWO CENTS"
"0.0694","Two®"
"0.497","Type Shit!"
"0.807","u said u were always going to be with me"
"0.0439","Uber Home Alone"
"0.0583","UCKERS"
"0.167","uh huh"
"0.186","UH OH"
"0.346","Ukraine Freestyle"
"0.0355","Ulap"
"0.414","Ultralight Beam"
"0.236","Uma Cavala Mesmo"
"0.141","Umbrella"
"0.13","Umbrella (with Marnik)"
"0.0545","UN DIA (ONE DAY) (Feat. Tainy)"
"0.086","Un Peu"
"0.133","Un Poco Loco"
"0.418","Unbothered"
"0.0577","Unfamiliar"
"0.177","Unforgettable Slowed - Remix"
"0.0452","Unlock it (Lock It) - feat. Kim Petras and Jay Park"
"0.155","Uno"
"0.0862","unravel"
"0.189","Unreleased"
"0.0659","Unseen"
"0.0644","Unsteady"
"0.0285","Unsteady (Female)"
"0.269","Up"
"0.0577","Up Down (Do This All Day) (feat. B.o.B)"
"0.056","Up Down (Do This All Day) (feat. B.o.B)"
"0.111","Up Down Right Down Tik"
"0.349","UP LIKE AN INSOMNIAC - Freestyle"
"0.062","Upside Down"
"0.0431","Upside Down"
"0.0546","Upside Down (feat. Charlie Puth)"
"0.0391","Ur Name"
"0.0489","Va Va Vroom Vroom"
"0.214","Va Va Vroom Vroom - Remix"
"0.035","Vacation"
"0.0403","Vad söt du e"
"0.24","Vai Rebola Trava VS To Doidinho pra ver o seu Piercing no peito"
"0.179","VALENTINO"
"0.181","VALENTINO"
"0.0415","VALENTINO - Imanbek Remix"
"0.0933","Vamonos"
"0.078","Vamos"
"0.159","Venom"
"0.12","Venus"
"0.0561","Venus - (Murallas)"
"0.0386","VI SKA BLI FULLA"
"0.384","Vibe"
"0.344","Vibe (If I Back It Up)"
"0.109","Vibe for Me (Bob for Me)"
"0.0553","Vibe With Me"
"0.307","VIBEZ"
"0.154","Vibin'"
"0.0543","Vida de Rico"
"0.0366","Video Call"
"0.0293","Violent"
"0.522","Violent Crimes"
"0.178","Virus"
"0.162","Viva la Swing Tik"
"0.0954","Viva la Swing Tik - Remix"
"0.0423","Voices"
"0.0511","Volar (feat. Susan Diaz & Victor Cardenas)"
"0.0518","Volta Bebê, Volta Neném"
"0.0995","Vou Te Botar"
"0.0478","VSCO"
"0.172","W o r t h I t (slowed reverb)"
"0.0581","Wacha Al Piso (Remix)"
"0.403","Wack Jumper"
"0.0385","Wag Na Lang"
"0.0322","Wait"
"0.0278","Wait a Minute!"
"0.224","Waiting"
"0.0824","Waiting"
"0.0429","Waiting For You"
"0.223","Wake you up (Scream)"
"0.0743","Walang Gana"
"0.0259","Walang Iba Pero Di Na Ikaw"
"0.562","Walk (feat. Lil Baby & 42 Dugg)"
"0.0449","walk but in a garden"
"0.343","Walk Down"
"0.227","Walk Em Down (feat. Roddy Ricch)"
"0.0866","Walk Man"
"0.168","Walked In"
"0.394","Walked In"
"0.0788","Walked Through Hell"
"0.115","Walking"
"0.0513","Walls Could Talk"
"0.0416","Walwal"
"0.286","Want It (VIP)"
"0.0276","Want You Around (Letter to X)"
"0.0916","Wanted"
"0.375","WAP (feat. Megan Thee Stallion)"
"0.41","WAP (feat. Megan Thee Stallion)"
"0.263","WAP TikTok"
"0.26","War"
"0.0336","War"
"0.0301","Warm (feat. Mia)"
"0.115","Wasabi"
"0.037","Wasabi"
"0.0808","Washing My Brain"
"0.135","Wasted Love (feat. Lagique)"
"0.035","Wasteland"
"0.0806","Watermelon Sugar"
"0.128","Watermelon Sugar"
"0.0465","Watermelon Sugar"
"0.12","Watermelon Sugar X Seaside"
"0.0489","Wave of You"
"0.0454","Waves"
"0.117","Wavy (feat. Joe Moses)"
"0.0323","Way Back Home (feat. Conor Maynard) - Sam Feldt Edit"
"0.0584","Ways to Say I'm Beautiful"
"0.0837","We're Beautiful"
"0.572","We All Tryna F*** - Radio Edit"
"0.0334","We Can't Stop"
"0.0383","We Found Love"
"0.0747","We Found Love"
"0.0505","We No Speak Americano"
"0.0584","Weak"
"0.182","Weather"
"0.167","Weekend"
"0.186","WEGO"
"0.0402","Weirdo"
"0.0307","Welcome Home"
"0.0324","Welcome To New York"
"0.098","Wellerman - Female Version"
"0.108","Wellerman - Sea Shanty"
"0.0475","Wellerman - Sea Shanty / 220 KID x Billen Ted Remix"
"0.341","Wellerman - Sea Shanty / Nathan Evans x ARGULES"
"0.0464","Wellerman (EDM Remix)"
"0.239","WESPN"
"0.336","WEST COAST CURE"
"0.0858","Wet"
"0.13","Wet (She Got That…)"
"0.194","Wet (She Got That…)"
"0.0429","Wet The Bed (feat. Ludacris)"
"0.0391","What A Life"
"0.0302","What A Time (feat. Niall Horan)"
"0.165","What If (I Told You I Like You)"
"0.14","What If (I Told You I Like You)"
"0.188","What If I Told You That I Love You - Vanboii Remix"
"0.0548","What the Hell"
"0.379","What They Want"
"0.127","what you do to me"
"0.421","What You Know Bout Love"
"0.353","What You Know Bout Love"
"0.0731","What You Waiting For"
"0.309","What’s New"
"0.552","Whatchu Do"
"0.317","Whatchu On Today (feat. Polo G)"
"0.245","WHATS POPPIN"
"0.219","Whatta Man"
"0.116","Whatta Man (feat. En Vogue) - EP Version"
"0.0334","When I'm Blue"
"0.322","When I'm Sober"
"0.0282","When I Look At You"
"0.0277","When I Look At You"
"0.051","When I Lose Control (TikTok Dance Challenge)"
"0.157","When I Rule the World"
"0.0936","When I ruled the world X Let Me See Your Hips Swing"
"0.0972","when the party's over"
"0.199","When The Sun Goes Down"
"0.0313","When the Tornado Comes"
"0.132","When Will I See You Again"
"0.0278","When You Love Someone"
"0.0336","Whenever, Wherever"
"0.0318","Where's My Love - Alternate Version"
"0.0916","Where Have You Been"
"0.0552","Where Is My Mind"
"0.0343","Where Is My Mind?"
"0.0353","Where Is My Mind? - Remastered"
"0.197","Where Is The Love?"
"0.184","Where Is The Love?"
"0.359","Whip out the Stick"
"0.256","Whip out the Stick"
"0.0647","Whiskey / Whisky Cola - Remix"
"0.0493","Whisky Cola"
"0.0836","Whisky Cola X Run 2 U - Remix"
"0.0389","white ferrari - Slowed"
"0.0306","White Flag"
"0.0924","White Lies"
"0.042","white tee"
"0.0966","White Tee (with NO1-NOAH)"
"0.14","White Walls (feat. ScHoolboy Q & Hollis)"
"0.0326","Who's That Girl (feat. Eve)"
"0.0353","Who's That Girl (feat. Eve)"
"0.221","Who's That What's That"
"0.316","who dat boi"
"0.295","Who Want Smoke?"
"0.0435","Who we are"
"0.0427","Whole Again"
"0.205","Whole Lotta Choppas"
"0.368","WHOLE LOTTA MONEY"
"0.118","Whoopty"
"0.125","Whoopty"
"0.17","Whoopty"
"0.415","Why"
"0.0374","Why"
"0.0368","Why'd You Only Call Me When You're High?"
"0.0851","Why Are U Running"
"0.038","Why Do I Fall"
"0.447","Why Is Everything Chrome (Lean Swag Rock Wit It)"
"0.475","Why Is Everything Chrome (Lean Swag Rock Wit It)"
"0.31","Why Not Me"
"0.0406","Wild Out"
"0.0778","Wild Thoughts (feat. Rihanna & Bryson Tiller)"
"0.268","Wild Thoughts Challenge (TikTok)"
"0.094","Winter Wonderland / Here Comes Santa Claus - From Pitch Perfect 2 Soundtrack"
"0.0453","Wip Wup"
"0.0717","Wish - Trippie Mix"
"0.305","Wishful Drinking"
"0.128","Wishing Well"
"0.0466","Witch Doctor - Radio Mix"
"0.0545","With My Hoe!"
"0.0705","Without Me"
"0.0383","Without Me Slowed - Remix"
"0.0463","Without You"
"0.0299","WITHOUT YOU"
"0.0322","Without You - Female Version"
"0.0292","WITHOUT YOU (with Miley Cyrus)"
"0.247","wizard 101"
"0.185","Wknd (Reloaded)"
"0.19","WmFw"
"0.245","Woah"
"0.387","Woah"
"0.43","Woah (feat. D3Mstreet)"
"0.232","Wobble"
"0.619","Wockesha"
"0.038","Woman On The Moon (feat. UPSAHL)"
"0.0965","Won't Bite"
"0.0976","Won (feat. Ayo & Teo & Global Dell)"
"0.114","Wonder - Female Version"
"0.0365","Wonderful Days"
"0.0277","Wonderwall - Female Version"
"0.074","WOO IT AGAIN"
"0.233","WORK"
"0.294","Work 2.0 - TikTok Remix"
"0.283","Work It"
"0.106","Work Out"
"0.142","Work REMIX (feat. A$AP Rocky, French Montana, Trinidad James & ScHoolboy Q)"
"0.0563","Working Bitch"
"0.274","worldstar money (interlude)"
"0.0447","Worst Enemy"
"0.227","Worst Mistake"
"0.0588","Worth It"
"0.0854","Wrap Me In Plastic - Marcus Layton Radio Edit"
"0.0936","Wrap Me In Plastic - Slowed Down Version"
"0.0951","Wrap Me In Plastic - Tobu Remix"
"0.0444","Write This Down (Instrumental)"
"0.0423","Wrong"
"0.706","WURK"
"0.306","Ya Digg"
"0.282","Ya Digg"
"0.0598","Ya Tabtab"
"0.225","Yahhh!"
"0.0483","Yay Yay"
"0.206","Yeah Yeah"
"0.112","Yeah! (feat. Lil Jon & Ludacris)"
"0.0281","Yellow"
"0.0353","YELLOW"
"0.0719","Yellow Hearts"
"0.0745","Yellow Hearts"
"0.53","Yes Indeed"
"0.0433","Yiken (Certified)"
"0.0268","YKWIM?"
"0.0602","You"
"0.203","You"
"0.227","You're Mines Still - Female Version"
"0.0582","You're Not Alone"
"0.244","You're Perfect"
"0.0296","You're Somebody Else"
"0.0295","You're Somebody Else"
"0.0311","You're the Voice - Radio"
"0.051","You & I"
"0.306","You & Jennifer"
"0.0845","You & Me"
"0.275","You & Me"
"0.0303","You Are The Reason"
"0.05","you broke me first"
"0.0469","you broke me first - Slowed"
"0.127","You Broke Me First (Trap Remix)"
"0.0425","You Da One"
"0.187","You Got It"
"0.0431","You Know I'll Go Get"
"0.0452","You Know I'll Go Get"
"0.0535","You Make Me Feel... (feat. Sabi)"
"0.0553","You Need To Calm Down"
"0.119","you pieced the wires"
"0.0658","You Think You're"
"0.0404","you were good to me"
"0.281","Young Like This"
"0.137","Young, Wild & Free (feat. Bruno Mars)"
"0.0645","Your Love"
"0.0454","Your Love (9PM) - Female Version"
"0.0421","Your Love (9PM) - Tiësto Remix"
"0.0807","Your Power"
"0.372","Your Soul"
"0.197","YRN - Remix"
"0.317","YRN (tik tok)"
"0.241","Yrn (Tiktok Trend)"
"0.282","Yucky Blucky Fruitcake"
"0.0897","Yummy"
"0.0864","Yummy"
"0.0363","Yummy (Dance Remix) [TikTok Challenge]"
"0.0694","Yup I'm Sad"
"0.0511","Zanzibar"
"0.037","Zebbiana"
"0.176","ZEZE (feat. Travis Scott & Offset)"
"0.23","Zodiac Signs"
"0.125","Zombie (Zombic & Felix Schorn Remix)"
"0.0427","Zona Nyaman - DJ Opus Remix"
"0.237","Zooom"
"0.229","Моя голова винтом (My head is spinning like a screw)"
"0.0581","インフェルノ"
"0.0551","カワキヲアメク"
"0.0507","シルエット"
"0.137","ニッポン笑顔百景"
"0.034","ハルジオン"
"0.13","ヒカリアレ"
"0.0339","フィクション"
"0.0938","ポラリス"
"0.073","시작"
"0.0696","冬のはなし"
"0.0305","夜に駆ける"
"0.0398","奇術師のバイレ"
"0.0296","學貓叫"
"0.0396","恋愛サーキュレーション"
"0.0509","愛して 愛して 愛して"
"0.0274","狂想レクイエム"
"0.0716","真夜中のドア~Stay With Me~"
"0.0331","緋に燃える瞳"
"0.031","芒种"
